author_association, closed_at, closer, created_at, created_by, state
OWNER, 2018-04-25T14:54:57Z, zoffixznet, 2018-04-25T14:54:51Z, zoffixznet, closed
MEMBER, 2017-08-07T00:42:19Z, coke, 2017-08-04T11:54:18Z, scmorrison, closed
MEMBER, 2018-03-30T20:15:58Z, ronaldxs, 2015-09-26T14:55:44Z, ronaldxs, closed
NONE, 2016-12-27T10:29:54Z, jonathanstowe, 2016-12-27T01:46:30Z, dugword, closed
MEMBER, 2016-10-02T12:06:20Z, titsuki, 2016-10-02T12:06:12Z, titsuki, closed
MEMBER, 2015-10-03T02:32:04Z, dha, 2015-10-03T02:22:02Z, dha, closed
MEMBER, 2017-12-18T19:49:46Z, zoffixznet, 2017-12-06T12:16:31Z, fluca1978, closed
MEMBER, 2017-07-19T13:13:15Z, bduggan, 2017-07-18T21:03:32Z, labster, closed
CONTRIBUTOR, 2017-03-31T09:41:01Z, gfldex, 2017-02-20T19:36:54Z, gfldex, closed
MEMBER, , , 2017-06-04T08:10:24Z, rafaelschipiura, open
OWNER, , , 2017-10-24T23:54:20Z, zoffixznet, open
MEMBER, 2015-10-14T21:09:00Z, jonathanstowe, 2015-10-14T21:06:17Z, dha, closed
NONE, 2018-02-13T06:51:39Z, JJ, 2018-02-12T23:24:58Z, jimav, closed
OWNER, 2017-10-25T19:04:32Z, zoffixznet, 2017-10-25T00:03:42Z, zoffixznet, closed
MEMBER, , , 2017-11-14T21:06:15Z, WildYorkies, open
MEMBER, 2017-01-05T11:01:52Z, Altai-man, 2017-01-05T00:43:52Z, ronaldxs, closed
CONTRIBUTOR, 2018-03-29T11:12:01Z, JJ, 2018-03-29T10:03:54Z, gfldex, closed
MEMBER, , adaptiveoptics, 2016-10-18T03:51:04Z, adaptiveoptics, open
CONTRIBUTOR, 2016-11-15T19:12:28Z, zoffixznet, 2016-10-28T15:31:12Z, ggoebel, closed
MEMBER, 2015-07-21T14:29:49Z, perlpilot, 2015-07-21T02:24:05Z, hoelzro, closed
MEMBER, 2018-04-27T09:19:00Z, fluca1978, 2018-04-26T06:02:39Z, JJ, closed
NONE, 2017-08-22T02:09:49Z, coke, 2017-08-21T16:41:31Z, MorayJ, closed
CONTRIBUTOR, 2014-02-17T20:41:18Z, FROGGS, 2014-02-17T20:18:48Z, prammer, closed
MEMBER, 2016-11-19T18:41:27Z, AlexDaniel, 2016-10-11T10:46:40Z, fluca1978, closed
MEMBER, , , 2017-09-04T13:02:24Z, AlexDaniel, open
CONTRIBUTOR, 2016-10-26T09:49:25Z, Altai-man, 2016-10-26T08:19:10Z, VynceMontgomery, closed
MEMBER, 2018-03-30T07:36:42Z, JJ, 2018-03-30T07:11:38Z, JJ, closed
MEMBER, 2018-01-19T07:36:11Z, fluca1978, 2018-01-16T11:34:41Z, fluca1978, closed
OWNER, 2018-04-20T05:43:27Z, JJ, 2017-03-14T22:13:23Z, zoffixznet, closed
MEMBER, 2016-12-10T12:21:58Z, AlexDaniel, 2016-12-06T13:35:23Z, Altai-man, closed
CONTRIBUTOR, 2018-02-09T18:54:18Z, zoffixznet, 2018-02-08T23:08:44Z, gfldex, closed
MEMBER, 2017-11-03T23:48:29Z, AlexDaniel, 2017-09-25T21:45:05Z, AlexDaniel, closed
MEMBER, 2017-08-15T19:28:51Z, zoffixznet, 2017-08-15T12:28:32Z, book, closed
MEMBER, 2017-09-08T08:34:16Z, rafaelschipiura, 2017-09-05T02:12:03Z, AlexDaniel, closed
OWNER, 2017-10-19T23:43:29Z, zoffixznet, 2017-10-19T23:43:25Z, zoffixznet, closed
OWNER, , , 2017-09-14T23:46:40Z, zoffixznet, open
MEMBER, , , 2017-09-03T22:08:11Z, AlexDaniel, open
MEMBER, 2017-01-23T20:44:05Z, jonathanstowe, 2017-01-22T21:32:48Z, antquinonez, closed
MEMBER, 2018-02-20T06:41:01Z, JJ, 2018-02-16T02:01:08Z, Juerd, closed
MEMBER, 2017-08-16T12:49:42Z, zoffixznet, 2017-08-07T17:46:15Z, rafaelschipiura, closed
OWNER, 2017-02-03T21:45:06Z, gfldex, 2017-02-03T11:59:34Z, zoffixznet, closed
CONTRIBUTOR, 2017-09-03T12:39:38Z, moritz, 2017-08-30T21:04:25Z, gfldex, closed
MEMBER, 2018-04-29T17:26:15Z, JJ, 2018-04-29T17:19:43Z, JJ, closed
MEMBER, 2017-04-16T09:56:18Z, szabgab, 2017-03-26T04:47:09Z, szabgab, closed
MEMBER, 2016-11-04T15:51:04Z, tbrowder, 2016-11-04T15:46:34Z, tbrowder, closed
CONTRIBUTOR, 2017-07-07T02:32:13Z, zoffixznet, 2017-07-07T02:20:43Z, VynceMontgomery, closed
MEMBER, 2015-10-14T02:56:27Z, zoffixznet, 2015-10-14T02:43:28Z, tokuhirom, closed
MEMBER, 2017-02-20T23:43:05Z, titsuki, 2017-02-20T23:43:00Z, titsuki, closed
MEMBER, , treyharris, 2017-12-02T19:53:51Z, AlexDaniel, open
MEMBER, , , 2018-03-28T12:57:44Z, lizmat, open
CONTRIBUTOR, 2017-07-02T12:14:42Z, dogbert17, 2017-07-01T13:15:03Z, briandfoy, closed
MEMBER, 2018-03-10T11:25:48Z, titsuki, 2018-03-10T11:24:05Z, titsuki, closed
MEMBER, 2017-07-09T19:18:35Z, coke, 2017-07-02T22:42:27Z, AlexDaniel, closed
MEMBER, , , 2016-10-27T22:15:57Z, AlexDaniel, open
MEMBER, 2018-03-10T09:46:42Z, JJ, 2017-10-10T12:26:19Z, W4anD0eR96, closed
MEMBER, 2017-11-01T10:59:46Z, W4anD0eR96, 2017-11-01T03:16:41Z, W4anD0eR96, closed
CONTRIBUTOR, 2017-06-08T14:08:57Z, dogbert17, 2017-05-28T20:36:07Z, briandfoy, closed
MEMBER, 2018-03-04T08:50:03Z, AlexDaniel, 2018-03-04T07:37:34Z, finanalyst, closed
OWNER, 2017-01-11T05:00:24Z, samcv, 2017-01-10T21:58:54Z, coke, closed
OWNER, 2017-02-12T15:46:54Z, coke, 2017-02-01T22:03:49Z, coke, closed
OWNER, 2017-07-09T17:37:56Z, coke, 2017-07-05T22:31:06Z, coke, closed
MEMBER, 2018-04-27T20:15:21Z, zoffixznet, 2018-04-03T04:14:30Z, avuserow, closed
OWNER, 2018-02-15T18:13:37Z, coke, 2018-02-15T17:42:44Z, coke, closed
MEMBER, 2017-11-17T14:11:47Z, tbrowder, 2017-11-13T02:02:00Z, tbrowder, closed
CONTRIBUTOR, 2017-11-04T18:50:19Z, AlexDaniel, 2017-11-04T18:39:58Z, gfldex, closed
OWNER, 2018-04-02T08:36:26Z, zoffixznet, 2018-04-02T08:36:20Z, zoffixznet, closed
MEMBER, , , 2017-11-04T17:53:37Z, W4anD0eR96, open
MEMBER, , , 2017-01-24T21:31:30Z, bbkr, open
OWNER, 2018-04-27T20:15:21Z, zoffixznet, 2018-04-13T00:46:46Z, timo, closed
OWNER, 2016-04-20T19:01:10Z, dogbert17, 2015-10-21T14:24:05Z, moritz, closed
MEMBER, 2017-07-09T18:32:23Z, kybr, 2017-07-09T18:21:47Z, kybr, closed
OWNER, 2017-05-18T12:43:19Z, zoffixznet, 2017-05-17T13:53:57Z, coke, closed
MEMBER, 2016-10-08T17:29:25Z, tbrowder, 2016-10-07T11:47:29Z, fluca1978, closed
OWNER, , , 2016-09-27T16:15:28Z, zoffixznet, open
MEMBER, 2017-10-07T21:45:03Z, Tyil, 2017-10-07T20:42:55Z, W4anD0eR96, closed
CONTRIBUTOR, , , 2016-12-31T01:12:13Z, briandfoy, open
MEMBER, 2018-03-10T11:25:48Z, titsuki, 2018-03-07T15:59:09Z, titsuki, closed
CONTRIBUTOR, 2017-04-03T14:40:43Z, zoffixznet, 2016-12-30T22:43:13Z, briandfoy, closed
MEMBER, 2018-04-27T20:15:21Z, zoffixznet, 2018-04-03T17:02:37Z, JJ, closed
NONE, , , 2017-08-16T04:09:45Z, mikersanderson, open
MEMBER, 2017-10-24T12:28:57Z, rafaelschipiura, 2017-10-24T05:52:04Z, jstuder-gh, closed
OWNER, 2016-11-30T19:43:43Z, coke, 2016-10-28T16:44:56Z, coke, closed
MEMBER, 2016-11-28T16:36:33Z, zoffixznet, 2016-11-27T12:48:10Z, dmaestro, closed
OWNER, 2017-08-02T23:12:59Z, coke, 2017-08-02T19:34:47Z, coke, closed
CONTRIBUTOR, 2017-01-09T03:26:48Z, coke, 2016-12-14T08:42:54Z, mienaikage, closed
MEMBER, 2017-05-24T04:11:20Z, antquinonez, 2017-05-24T01:51:17Z, antquinonez, closed
OWNER, 2018-03-19T18:30:46Z, zoffixznet, 2018-03-06T20:28:55Z, coke, closed
OWNER, , , 2017-03-13T13:07:35Z, coke, open
OWNER, , , 2017-07-25T12:52:05Z, coke, open
MEMBER, 2017-02-12T11:03:51Z, Altai-man, 2017-02-01T08:54:33Z, Altai-man, closed
CONTRIBUTOR, 2017-01-02T08:58:48Z, Altai-man, 2017-01-01T03:35:44Z, nicqrocks, closed
CONTRIBUTOR, 2017-05-30T20:37:00Z, coke, 2017-05-26T22:23:03Z, briandfoy, closed
MEMBER, 2018-03-17T00:21:26Z, AlexDaniel, 2018-03-16T23:38:24Z, cfa, closed
MEMBER, 2018-05-01T11:13:11Z, JJ, 2018-03-09T07:23:15Z, JJ, closed
OWNER, 2016-10-26T18:19:11Z, coke, 2016-10-10T16:34:58Z, coke, closed
OWNER, 2015-10-10T02:48:34Z, zoffixznet, 2015-10-08T21:39:00Z, zoffixznet, closed
MEMBER, 2017-05-20T16:21:01Z, tbrowder, 2017-05-20T16:20:47Z, tbrowder, closed
MEMBER, 2018-04-26T11:53:28Z, JJ, 2018-04-26T05:51:54Z, JJ, closed
MEMBER, 2016-10-28T16:51:54Z, AlexDaniel, 2016-10-27T23:09:02Z, AlexDaniel, closed
MEMBER, 2017-07-02T22:26:26Z, tbrowder, 2017-07-01T18:25:22Z, tbrowder, closed
NONE, 2015-12-21T00:53:58Z, awwaiid, 2015-10-21T01:46:00Z, syohex, closed
MEMBER, 2018-04-18T10:50:20Z, JJ, 2018-04-18T08:27:02Z, JJ, closed
CONTRIBUTOR, 2017-05-06T02:06:07Z, zoffixznet, 2017-04-09T20:37:48Z, briandfoy, closed
NONE, 2017-03-18T17:25:50Z, zoffixznet, 2017-01-02T21:40:25Z, toolforger, closed
COLLABORATOR, 2017-06-06T22:39:10Z, zoffixznet, 2017-06-06T01:28:57Z, legrady, closed
CONTRIBUTOR, 2018-02-09T23:24:26Z, coke, 2018-02-09T21:43:48Z, briandfoy, closed
MEMBER, 2016-10-29T23:50:58Z, timo, 2016-09-29T01:24:35Z, MasterDuke17, closed
OWNER, , , 2017-11-02T14:31:58Z, zoffixznet, open
CONTRIBUTOR, 2018-02-03T01:08:03Z, zoffixznet, 2018-02-03T01:07:16Z, gfldex, closed
MEMBER, 2018-04-06T09:01:43Z, JJ, 2017-06-15T12:14:30Z, samcv, closed
MEMBER, 2016-10-02T12:06:20Z, titsuki, 2016-09-30T12:15:51Z, tbrowder, closed
CONTRIBUTOR, 2017-09-03T11:38:08Z, JJ, 2017-09-03T10:56:38Z, gfldex, closed
MEMBER, 2016-11-21T11:58:43Z, zoffixznet, 2016-11-21T11:15:30Z, ZzZombo, closed
CONTRIBUTOR, , , 2017-08-31T08:46:59Z, lefth, open
OWNER, 2017-10-23T16:27:45Z, coke, 2017-10-12T10:46:11Z, jnthn, closed
MEMBER, , , 2018-04-23T19:28:00Z, Kaiepi, open
MEMBER, 2018-03-30T20:14:44Z, ronaldxs, 2018-03-26T20:47:07Z, ronaldxs, closed
NONE, , , 2016-09-13T18:37:08Z, shadowcat-mst, open
MEMBER, , , 2016-11-05T13:21:34Z, titsuki, open
OWNER, 2017-06-06T22:24:55Z, zoffixznet, 2017-06-06T18:32:30Z, coke, closed
OWNER, 2017-06-10T14:59:36Z, dogbert17, 2017-05-28T01:20:43Z, zoffixznet, closed
MEMBER, 2017-09-24T20:35:42Z, tbrowder, 2017-09-24T20:08:33Z, tbrowder, closed
MEMBER, 2018-02-24T14:42:07Z, titsuki, 2018-02-24T14:42:01Z, titsuki, closed
NONE, 2018-02-15T06:38:29Z, JJ, 2018-02-14T02:45:02Z, jimav, closed
OWNER, 2017-02-01T19:20:52Z, coke, 2017-01-11T20:12:02Z, coke, closed
MEMBER, 2017-03-19T16:58:22Z, zoffixznet, 2017-03-19T15:11:21Z, MARTIMM, closed
MEMBER, 2017-05-20T14:17:10Z, tbrowder, 2017-05-20T14:16:55Z, tbrowder, closed
OWNER, , , 2017-01-01T01:22:49Z, coke, open
NONE, 2018-04-29T09:49:57Z, W4anD0eR96, 2017-04-19T02:50:44Z, ybj2004, closed
OWNER, 2017-10-24T12:32:29Z, rafaelschipiura, 2017-10-18T17:23:44Z, coke, closed
CONTRIBUTOR, , JJ, 2018-04-08T15:15:40Z, ccworld1000, open
CONTRIBUTOR, 2017-09-19T15:16:01Z, zoffixznet, 2017-09-10T11:31:51Z, gfldex, closed
OWNER, , , 2018-01-12T14:48:37Z, zoffixznet, open
OWNER, , , 2016-10-19T17:14:12Z, coke, open
MEMBER, 2017-09-03T01:43:05Z, ronaldxs, 2017-01-05T22:03:48Z, ronaldxs, closed
MEMBER, , , 2016-12-11T04:06:52Z, AlexDaniel, open
CONTRIBUTOR, 2014-06-20T05:22:30Z, Mouq, 2013-05-28T08:33:43Z, muixirt, closed
MEMBER, 2017-05-05T18:34:20Z, zoffixznet, 2017-05-05T18:26:25Z, molecules, closed
MEMBER, 2017-12-07T09:27:27Z, JJ, 2017-12-07T09:22:38Z, fluca1978, closed
CONTRIBUTOR, 2018-04-28T08:26:09Z, JJ, 2018-02-26T10:31:44Z, briandfoy, closed
MEMBER, 2018-03-10T18:19:27Z, JJ, 2015-11-11T22:54:17Z, zengargoyle, closed
MEMBER, 2017-09-01T19:09:02Z, zoffixznet, 2017-09-01T19:07:59Z, nxadm, closed
OWNER, 2017-01-31T00:47:24Z, coke, 2016-12-19T21:44:42Z, coke, closed
MEMBER, 2017-08-31T19:33:48Z, moritz, 2017-08-19T13:17:43Z, smls, closed
CONTRIBUTOR, , , 2017-02-19T16:15:18Z, gfldex, open
MEMBER, 2015-11-09T13:35:40Z, jonathanstowe, 2015-11-09T13:16:05Z, awwaiid, closed
CONTRIBUTOR, 2017-07-21T17:38:32Z, zoffixznet, 2017-07-07T02:25:00Z, VynceMontgomery, closed
OWNER, 2017-06-15T13:23:21Z, dogbert17, 2017-06-15T12:17:56Z, coke, closed
MEMBER, 2017-11-12T16:33:11Z, W4anD0eR96, 2017-11-06T16:48:33Z, W4anD0eR96, closed
MEMBER, 2017-01-14T17:06:31Z, JJ, 2017-01-14T17:05:22Z, dmaestro, closed
OWNER, 2018-04-16T07:15:52Z, fluca1978, 2018-04-15T12:09:55Z, zoffixznet, closed
MEMBER, 2015-10-15T07:13:03Z, LLFourn, 2015-10-15T07:11:44Z, LLFourn, closed
OWNER, 2017-09-02T16:04:48Z, zoffixznet, 2017-08-23T19:39:36Z, zoffixznet, closed
MEMBER, , , 2018-03-06T07:24:18Z, JJ, open
MEMBER, , , 2018-03-07T06:49:36Z, JJ, open
MEMBER, 2018-02-05T08:08:06Z, fluca1978, 2018-02-01T11:34:45Z, AlexDaniel, closed
MEMBER, 2017-01-29T18:57:02Z, zoffixznet, 2017-01-29T18:52:38Z, JJ, closed
MEMBER, , , 2017-09-02T00:46:32Z, AlexDaniel, open
CONTRIBUTOR, 2012-12-25T16:29:12Z, xfix, 2012-12-25T14:47:19Z, vadz, closed
MEMBER, 2018-03-30T07:47:15Z, JJ, 2017-05-24T11:06:39Z, tbrowder, closed
MEMBER, 2018-04-22T12:13:10Z, JJ, 2018-04-16T05:43:19Z, JJ, closed
MEMBER, 2016-09-29T15:25:58Z, titsuki, 2016-09-29T15:15:18Z, titsuki, closed
MEMBER, 2016-11-13T14:09:45Z, AlexDaniel, 2016-10-24T22:53:55Z, samcv, closed
MEMBER, 2015-09-30T13:20:45Z, stmuk, 2015-09-28T15:15:50Z, stmuk, closed
MEMBER, 2018-04-19T06:03:54Z, JJ, 2018-04-19T01:18:29Z, Kaiepi, closed
CONTRIBUTOR, 2016-11-26T20:06:40Z, AlexDaniel, 2016-11-26T17:49:29Z, mienaikage, closed
MEMBER, , , 2018-04-18T08:04:28Z, JJ, open
CONTRIBUTOR, , , 2017-09-17T18:01:28Z, lefth, open
MEMBER, 2017-11-05T09:33:44Z, AlexDaniel, 2017-09-25T17:11:12Z, AlexDaniel, closed
CONTRIBUTOR, 2017-09-02T13:45:49Z, moritz, 2017-09-02T09:55:20Z, gfldex, closed
OWNER, 2018-04-07T09:30:37Z, JJ, 2017-09-14T16:20:40Z, timo, closed
MEMBER, 2015-09-13T18:25:36Z, moritz, 2015-09-13T16:15:18Z, cschwenz, closed
MEMBER, 2017-04-13T12:06:28Z, zoffixznet, 2017-04-01T20:34:52Z, AlexDaniel, closed
MEMBER, 2018-03-20T19:29:39Z, JJ, 2018-03-19T15:40:54Z, drforr, closed
MEMBER, 2017-07-04T23:47:41Z, coke, 2017-06-01T21:53:49Z, Juerd, closed
MEMBER, 2015-10-30T09:59:04Z, jonathanstowe, 2015-10-30T09:57:46Z, ungrim97, closed
OWNER, 2017-06-15T12:33:14Z, dogbert17, 2017-06-12T12:10:52Z, coke, closed
MEMBER, 2018-04-04T06:39:00Z, JJ, 2018-04-04T06:20:23Z, JJ, closed
MEMBER, 2017-07-26T20:58:55Z, dwarring, 2017-01-20T08:28:42Z, AlexDaniel, closed
MEMBER, 2017-01-05T14:01:37Z, titsuki, 2017-01-04T07:53:04Z, titsuki, closed
MEMBER, 2017-04-16T07:18:04Z, szabgab, 2017-03-25T14:52:37Z, szabgab, closed
MEMBER, 2017-02-19T16:52:01Z, Altai-man, 2017-02-12T14:25:39Z, Altai-man, closed
OWNER, 2018-04-20T12:20:19Z, JJ, 2017-02-24T20:35:18Z, zoffixznet, closed
CONTRIBUTOR, , , 2017-10-31T19:36:28Z, gfldex, open
CONTRIBUTOR, 2017-03-15T13:25:35Z, zoffixznet, 2017-03-02T11:09:27Z, gfldex, closed
MEMBER, 2018-04-04T06:13:29Z, JJ, 2018-03-30T09:57:19Z, JJ, closed
MEMBER, 2017-09-03T09:48:14Z, lancew, 2017-02-23T15:21:35Z, WildYorkies, closed
NONE, 2018-02-17T17:37:02Z, JJ, 2018-02-16T23:34:51Z, jimav, closed
MEMBER, 2015-11-08T20:31:24Z, teodozjan, 2015-11-08T18:14:52Z, teodozjan, closed
MEMBER, 2018-04-27T05:38:21Z, JJ, 2018-03-26T02:52:04Z, AlexDaniel, closed
MEMBER, 2017-02-05T04:48:41Z, WildYorkies, 2017-02-04T16:21:48Z, WildYorkies, closed
MEMBER, 2018-03-21T17:56:43Z, JJ, 2018-03-21T10:05:57Z, Tyil, closed
MEMBER, 2015-09-25T08:19:10Z, jonathanstowe, 2015-09-25T08:11:29Z, MARTIMM, closed
CONTRIBUTOR, 2018-04-25T15:27:13Z, JJ, 2018-04-20T20:02:16Z, COMBORICO, closed
CONTRIBUTOR, 2017-09-03T17:32:30Z, JJ, 2017-09-03T15:18:04Z, gfldex, closed
OWNER, 2017-01-10T19:36:57Z, coke, 2017-01-05T19:45:08Z, zoffixznet, closed
MEMBER, 2016-11-17T12:44:23Z, zoffixznet, 2016-11-17T00:00:59Z, bazzaar, closed
CONTRIBUTOR, 2018-04-11T20:26:14Z, zoffixznet, 2018-04-11T20:23:06Z, dariusantia, closed
CONTRIBUTOR, 2018-03-03T20:29:23Z, AlexDaniel, 2017-03-30T21:33:33Z, gfldex, closed
OWNER, , , 2017-06-12T12:52:38Z, zoffixznet, open
MEMBER, , , 2016-12-29T16:03:26Z, hankache, open
MEMBER, , , 2017-09-08T09:22:40Z, rafaelschipiura, open
MEMBER, 2018-03-01T20:04:18Z, ab5tract, 2015-06-13T13:49:51Z, ab5tract, closed
MEMBER, 2017-06-08T13:45:29Z, zoffixznet, 2017-06-06T10:56:42Z, tbrowder, closed
MEMBER, 2017-01-24T22:19:01Z, coke, 2017-01-24T01:46:00Z, antquinonez, closed
MEMBER, 2016-09-17T17:04:12Z, jonathanstowe, 2016-09-11T02:27:26Z, zostay, closed
MEMBER, 2018-02-17T17:17:28Z, JJ, 2018-02-17T06:36:36Z, JJ, closed
CONTRIBUTOR, 2015-10-07T04:06:20Z, tirkarthi, 2015-10-07T03:52:49Z, tirkarthi, closed
MEMBER, 2018-03-09T19:35:24Z, zoffixznet, 2018-03-09T16:19:16Z, Altai-man, closed
OWNER, , , 2017-06-27T13:37:48Z, zoffixznet, open
NONE, 2018-02-13T11:35:44Z, JJ, 2018-02-12T23:29:41Z, jimav, closed
MEMBER, 2016-10-18T01:07:07Z, adaptiveoptics, 2016-10-18T00:57:06Z, adaptiveoptics, closed
OWNER, , , 2018-03-06T20:59:03Z, coke, open
OWNER, , , 2016-12-28T19:35:35Z, coke, open
MEMBER, 2018-04-29T07:26:54Z, JJ, 2018-04-26T06:50:52Z, JJ, closed
MEMBER, , , 2016-12-31T16:49:20Z, ronaldxs, open
MEMBER, , , 2018-04-07T05:09:05Z, titsuki, open
NONE, 2018-04-29T06:54:03Z, JJ, 2018-04-09T20:55:05Z, ElenaMerelo, closed
MEMBER, 2018-01-11T12:59:47Z, fluca1978, 2017-11-28T11:50:14Z, CurtTilmes, closed
NONE, 2018-03-02T19:19:10Z, zoffixznet, 2018-02-19T22:38:27Z, jimav, closed
MEMBER, , , 2018-03-04T12:01:31Z, JJ, open
CONTRIBUTOR, 2016-10-26T10:00:11Z, Altai-man, 2016-10-26T08:53:59Z, VynceMontgomery, closed
MEMBER, 2017-09-03T03:35:57Z, rafaelschipiura, 2017-09-03T01:44:50Z, rafaelschipiura, closed
MEMBER, 2017-08-02T12:52:36Z, AlexDaniel, 2017-08-02T12:50:40Z, AlexDaniel, closed
MEMBER, 2017-06-27T20:30:54Z, AlexDaniel, 2017-05-13T17:43:39Z, AlexDaniel, closed
NONE, 2018-02-13T06:51:40Z, JJ, 2018-02-12T23:57:54Z, jimav, closed
CONTRIBUTOR, 2017-12-21T14:11:37Z, fluca1978, 2017-11-24T10:36:34Z, gfldex, closed
MEMBER, 2018-03-03T17:16:55Z, AlexDaniel, 2018-01-24T07:58:39Z, AlexDaniel, closed
MEMBER, 2017-09-02T14:57:59Z, zoffixznet, 2016-12-27T13:04:06Z, AlexDaniel, closed
MEMBER, 2017-10-02T13:31:34Z, tbrowder, 2017-09-23T23:13:26Z, tbrowder, closed
MEMBER, , , 2017-02-07T14:27:08Z, faraco, open
CONTRIBUTOR, 2017-08-19T18:10:23Z, coke, 2017-08-14T07:49:46Z, gfldex, closed
OWNER, 2015-10-09T03:06:11Z, coke, 2015-09-17T11:53:54Z, coke, closed
CONTRIBUTOR, 2017-12-15T01:11:54Z, W4anD0eR96, 2017-12-15T00:30:22Z, 0, closed
MEMBER, 2018-03-05T14:35:11Z, titsuki, 2018-03-05T14:34:51Z, titsuki, closed
MEMBER, 2017-09-03T06:47:46Z, AlexDaniel, 2017-09-03T06:45:56Z, lancew, closed
CONTRIBUTOR, 2017-09-02T09:43:25Z, Altai-man, 2017-08-16T21:30:15Z, gfldex, closed
MEMBER, 2015-11-10T04:01:35Z, awwaiid, 2015-11-10T03:51:37Z, awwaiid, closed
MEMBER, 2016-08-08T09:39:23Z, gfldex, 2015-10-27T15:37:27Z, teodozjan, closed
OWNER, 2015-12-24T07:48:30Z, awwaiid, 2015-06-22T21:18:45Z, pmichaud, closed
MEMBER, 2017-06-06T22:31:07Z, zoffixznet, 2017-06-06T05:22:55Z, samcv, closed
MEMBER, , JJ, 2015-08-05T20:59:47Z, smls, open
MEMBER, 2017-09-02T20:13:37Z, AlexDaniel, 2017-09-02T20:10:04Z, jstuder-gh, closed
MEMBER, 2017-02-12T13:57:27Z, Altai-man, 2016-11-14T01:06:04Z, AlexDaniel, closed
OWNER, , , 2017-02-20T05:26:19Z, coke, open
NONE, 2017-11-07T20:27:50Z, W4anD0eR96, 2017-11-06T04:03:00Z, saito-ta, closed
OWNER, 2017-12-14T12:10:50Z, zoffixznet, 2017-12-14T11:53:37Z, zoffixznet, closed
OWNER, 2017-07-27T00:19:59Z, coke, 2017-07-09T17:40:06Z, coke, closed
CONTRIBUTOR, 2015-09-04T19:24:58Z, FROGGS, 2015-09-04T19:16:45Z, muraiki, closed
OWNER, 2017-10-21T00:30:53Z, zoffixznet, 2017-10-12T16:13:19Z, zoffixznet, closed
NONE, , , 2017-10-16T03:11:52Z, kjkuan, open
MEMBER, 2018-03-30T07:44:38Z, JJ, 2017-05-16T08:17:51Z, labster, closed
MEMBER, , , 2017-11-20T12:02:03Z, CurtTilmes, open
MEMBER, 2016-10-12T16:15:09Z, Altai-man, 2016-10-12T11:02:11Z, sjn, closed
MEMBER, , , 2017-05-27T22:36:24Z, AlexDaniel, open
MEMBER, 2017-01-29T03:18:50Z, zoffixznet, 2017-01-29T03:15:50Z, WildYorkies, closed
MEMBER, 2017-09-02T09:36:59Z, Altai-man, 2017-09-02T08:50:54Z, zakame, closed
MEMBER, 2017-01-24T21:57:57Z, samcv, 2017-01-23T15:23:23Z, WildYorkies, closed
OWNER, 2016-12-20T14:59:32Z, coke, 2016-10-29T23:47:15Z, timo, closed
NONE, 2016-12-03T21:10:08Z, Altai-man, 2016-10-20T17:47:29Z, payerle, closed
NONE, , , 2018-01-11T13:54:04Z, jdoege, open
MEMBER, 2018-04-20T18:54:34Z, zoffixznet, 2017-01-02T15:47:27Z, AlexDaniel, closed
MEMBER, 2016-12-24T23:51:14Z, titsuki, 2016-12-24T02:40:20Z, titsuki, closed
OWNER, 2017-09-01T17:05:59Z, moritz, 2017-06-21T15:31:03Z, zoffixznet, closed
MEMBER, 2016-12-18T22:32:30Z, samcv, 2016-12-04T07:07:31Z, AlexDaniel, closed
OWNER, , JJ, 2016-10-10T16:31:10Z, coke, open
OWNER, 2017-09-01T12:42:52Z, zoffixznet, 2017-05-16T22:37:18Z, zoffixznet, closed
OWNER, 2016-10-26T18:19:18Z, coke, 2016-10-10T16:34:16Z, coke, closed
OWNER, 2017-06-05T15:04:57Z, zoffixznet, 2017-06-05T15:00:13Z, coke, closed
MEMBER, 2018-03-09T14:43:28Z, titsuki, 2018-03-09T14:43:22Z, titsuki, closed
MEMBER, 2017-02-19T17:04:25Z, Altai-man, 2017-02-09T06:40:07Z, antquinonez, closed
MEMBER, 2018-03-23T18:35:53Z, AlexDaniel, 2017-09-02T18:53:15Z, AlexDaniel, closed
CONTRIBUTOR, 2017-05-23T08:26:52Z, dogbert17, 2017-05-23T01:11:34Z, briandfoy, closed
MEMBER, 2018-01-27T19:05:34Z, JJ, 2018-01-24T07:04:20Z, Tyil, closed
MEMBER, , , 2017-05-05T22:34:54Z, samcv, open
MEMBER, 2018-04-22T05:13:14Z, W4anD0eR96, 2017-07-20T18:38:00Z, Juerd, closed
MEMBER, 2015-10-11T12:43:38Z, niner, 2015-10-11T12:10:17Z, akimd, closed
OWNER, 2017-01-04T14:32:54Z, coke, 2017-01-04T14:31:38Z, coke, closed
CONTRIBUTOR, 2015-10-19T03:00:00Z, LLFourn, 2015-10-19T01:47:06Z, bnoordhuis, closed
OWNER, , , 2016-12-25T01:16:33Z, zoffixznet, open
MEMBER, 2018-05-01T04:59:58Z, W4anD0eR96, 2018-04-30T21:58:34Z, AlexDaniel, closed
MEMBER, , , 2018-03-15T16:26:26Z, cfa, open
MEMBER, 2018-01-21T16:02:48Z, titsuki, 2018-01-21T03:58:11Z, titsuki, closed
MEMBER, 2018-03-31T14:04:08Z, titsuki, 2018-03-31T14:04:02Z, titsuki, closed
MEMBER, 2015-11-09T04:52:38Z, LLFourn, 2015-11-09T04:39:32Z, awwaiid, closed
MEMBER, , JJ, 2017-06-29T20:12:19Z, smls, open
MEMBER, 2017-08-22T02:12:27Z, coke, 2017-08-19T21:43:24Z, dmaestro, closed
CONTRIBUTOR, 2017-01-16T15:47:26Z, zoffixznet, 2017-01-16T05:51:57Z, flexibeast, closed
NONE, , , 2018-03-22T20:40:42Z, jimav, open
MEMBER, 2017-06-14T20:47:38Z, moritz, 2017-06-14T20:45:21Z, prodotiscus, closed
MEMBER, 2017-01-28T22:32:50Z, gfldex, 2017-01-28T05:38:44Z, antquinonez, closed
MEMBER, 2018-04-26T13:14:15Z, JJ, 2018-04-26T12:05:37Z, pmurias, closed
NONE, , , 2018-02-12T23:32:55Z, jimav, open
OWNER, 2017-01-16T15:51:10Z, zoffixznet, 2017-01-16T15:51:06Z, zoffixznet, closed
MEMBER, 2017-09-01T19:01:40Z, nxadm, 2017-09-01T19:01:32Z, nxadm, closed
MEMBER, 2017-08-19T18:02:54Z, ronaldxs, 2017-08-15T16:50:46Z, ronaldxs, closed
CONTRIBUTOR, 2017-05-23T13:39:44Z, zoffixznet, 2017-05-23T13:38:26Z, jecki, closed
CONTRIBUTOR, , , 2017-11-10T14:37:33Z, gfldex, open
MEMBER, 2018-04-16T13:14:04Z, fluca1978, 2018-04-08T10:58:18Z, JJ, closed
OWNER, , , 2017-06-23T19:48:04Z, timo, open
MEMBER, 2016-12-22T08:07:46Z, Altai-man, 2016-12-22T07:48:20Z, Altai-man, closed
MEMBER, , , 2017-11-09T16:00:17Z, AlexDaniel, open
CONTRIBUTOR, 2016-11-15T19:13:56Z, zoffixznet, 2016-10-28T14:52:04Z, athos-ribeiro, closed
OWNER, 2017-05-31T01:11:16Z, coke, 2017-05-25T12:46:41Z, coke, closed
MEMBER, , , 2018-04-26T21:31:00Z, Kaiepi, open
MEMBER, 2017-11-29T17:22:19Z, W4anD0eR96, 2017-11-28T19:25:02Z, W4anD0eR96, closed
MEMBER, 2017-05-05T18:51:58Z, zoffixznet, 2017-04-25T01:23:21Z, AlexDaniel, closed
MEMBER, 2016-12-03T10:26:19Z, titsuki, 2016-12-03T10:26:14Z, titsuki, closed
MEMBER, 2017-07-24T23:29:20Z, AlexDaniel, 2016-11-14T19:30:53Z, AlexDaniel, closed
MEMBER, 2018-03-10T04:03:10Z, titsuki, 2018-03-10T04:03:04Z, titsuki, closed
CONTRIBUTOR, 2016-10-06T08:50:21Z, jonathanstowe, 2016-10-06T08:16:52Z, flexibeast, closed
OWNER, 2015-10-13T03:32:48Z, coke, 2015-10-12T14:45:50Z, coke, closed
NONE, 2017-11-04T09:40:41Z, AlexDaniel, 2017-10-31T18:19:59Z, callyalater, closed
OWNER, , , 2017-08-07T15:11:08Z, coke, open
MEMBER, 2017-06-10T13:03:53Z, dogbert17, 2017-06-08T16:30:50Z, Juerd, closed
OWNER, 2016-12-20T14:32:46Z, zoffixznet, 2016-12-16T21:13:58Z, coke, closed
MEMBER, 2016-10-10T16:32:03Z, titsuki, 2016-10-08T03:26:01Z, titsuki, closed
MEMBER, 2017-11-04T09:40:41Z, AlexDaniel, 2017-11-03T19:50:22Z, bduggan, closed
OWNER, 2018-02-20T02:49:38Z, coke, 2018-02-08T18:27:13Z, coke, closed
MEMBER, 2018-03-30T16:49:25Z, AlexDaniel, 2017-09-02T23:58:16Z, AlexDaniel, closed
MEMBER, 2017-01-31T01:37:35Z, Altai-man, 2017-01-30T08:57:55Z, AlexDaniel, closed
CONTRIBUTOR, 2017-09-09T11:24:51Z, moritz, 2017-09-09T10:47:15Z, lefth, closed
MEMBER, , , 2017-11-04T17:47:56Z, AlexDaniel, open
MEMBER, 2016-12-10T13:59:43Z, Altai-man, 2016-12-04T06:53:26Z, AlexDaniel, closed
MEMBER, , , 2018-02-07T20:57:36Z, samcv, open
OWNER, 2016-10-26T18:19:08Z, coke, 2016-10-10T16:35:31Z, coke, closed
MEMBER, 2015-10-23T16:51:47Z, skaji, 2015-10-23T16:16:00Z, skaji, closed
MEMBER, 2015-11-09T04:00:00Z, zoffixznet, 2015-11-09T03:57:52Z, awwaiid, closed
OWNER, 2018-01-24T08:13:53Z, fluca1978, 2018-01-23T16:14:57Z, zoffixznet, closed
OWNER, , , 2018-03-20T17:48:06Z, zoffixznet, open
MEMBER, 2017-10-26T20:49:19Z, 7ojo, 2017-10-26T20:37:08Z, 7ojo, closed
MEMBER, 2018-02-07T15:22:28Z, zoffixznet, 2017-11-15T17:46:10Z, titsuki, closed
MEMBER, 2015-09-16T19:14:07Z, dha, 2015-09-16T19:13:18Z, dha, closed
CONTRIBUTOR, 2017-09-25T10:19:23Z, zoffixznet, 2017-08-20T20:09:10Z, gfldex, closed
MEMBER, 2017-01-05T14:01:37Z, titsuki, 2017-01-05T14:01:29Z, titsuki, closed
CONTRIBUTOR, 2018-03-30T17:33:08Z, AlexDaniel, 2018-03-30T13:35:42Z, maettu, closed
OWNER, , , 2018-03-09T18:29:00Z, zoffixznet, open
MEMBER, , , 2018-04-13T05:38:36Z, JJ, open
MEMBER, 2017-08-19T18:25:13Z, coke, 2016-10-29T23:57:26Z, AlexDaniel, closed
OWNER, 2017-05-12T10:17:29Z, zoffixznet, 2017-05-11T17:54:22Z, zoffixznet, closed
OWNER, 2018-03-02T19:58:27Z, JJ, 2018-02-20T14:43:06Z, coke, closed
MEMBER, , , 2017-10-02T12:26:08Z, tbrowder, open
MEMBER, 2016-12-17T16:16:19Z, dogbert17, 2016-12-15T17:54:20Z, AlexDaniel, closed
OWNER, 2017-05-31T01:11:04Z, coke, 2017-05-30T14:32:53Z, coke, closed
OWNER, , , 2018-02-28T13:46:24Z, zoffixznet, open
MEMBER, 2015-07-22T19:25:04Z, moritz, 2015-07-22T15:09:23Z, LLFourn, closed
MEMBER, , , 2018-04-27T03:08:20Z, W4anD0eR96, open
MEMBER, 2017-11-22T22:26:26Z, coke, 2017-11-18T20:26:35Z, jstuder-gh, closed
MEMBER, 2018-03-19T19:26:24Z, JJ, 2017-11-18T06:54:24Z, titsuki, closed
CONTRIBUTOR, 2017-08-19T03:03:31Z, coke, 2017-08-17T12:40:25Z, briandfoy, closed
CONTRIBUTOR, , , 2017-04-22T20:48:41Z, gfldex, open
MEMBER, 2017-08-15T19:19:58Z, zoffixznet, 2017-08-15T19:08:43Z, molecules, closed
MEMBER, 2015-11-13T11:22:19Z, teodozjan, 2015-11-13T09:57:30Z, teodozjan, closed
MEMBER, 2018-03-21T14:47:08Z, cfa, 2018-03-21T12:40:47Z, Tyil, closed
MEMBER, , , 2017-09-03T00:18:28Z, AlexDaniel, open
OWNER, , , 2017-03-04T18:11:43Z, zoffixznet, open
CONTRIBUTOR, 2015-10-11T20:56:54Z, jonathanstowe, 2015-10-11T20:20:59Z, bnoordhuis, closed
MEMBER, 2015-06-08T21:08:46Z, paultcochrane, 2015-06-08T21:03:43Z, ab5tract, closed
OWNER, , , 2017-09-19T17:54:43Z, zoffixznet, open
MEMBER, 2017-09-03T06:48:23Z, AlexDaniel, 2017-09-03T00:30:35Z, AlexDaniel, closed
CONTRIBUTOR, 2016-09-15T10:00:46Z, jonathanstowe, 2016-09-14T23:12:48Z, ahalbert, closed
MEMBER, 2018-04-03T17:00:33Z, JJ, 2016-10-04T11:24:31Z, grizzlysmit, closed
OWNER, , , 2017-06-20T05:46:40Z, coke, open
MEMBER, 2017-09-01T22:34:55Z, AlexDaniel, 2017-08-28T01:08:36Z, AlexDaniel, closed
MEMBER, 2018-03-04T11:57:20Z, AlexDaniel, 2017-09-16T23:52:25Z, AlexDaniel, closed
MEMBER, 2017-12-26T18:40:32Z, zoffixznet, 2017-11-19T18:21:27Z, jstuder-gh, closed
MEMBER, 2017-08-07T16:40:43Z, AlexDaniel, 2017-08-07T12:00:38Z, molecules, closed
MEMBER, 2017-02-19T19:10:18Z, gfldex, 2017-02-17T23:30:22Z, AlexDaniel, closed
NONE, , , 2017-10-24T14:23:03Z, Grimy, open
MEMBER, , , 2016-12-17T13:25:31Z, titsuki, open
CONTRIBUTOR, 2017-06-17T21:42:12Z, dogbert17, 2017-05-28T20:31:15Z, briandfoy, closed
MEMBER, 2017-03-09T19:38:13Z, WildYorkies, 2017-03-09T15:31:33Z, WildYorkies, closed
CONTRIBUTOR, 2017-09-03T19:33:00Z, gfldex, 2017-09-02T06:57:09Z, gfldex, closed
MEMBER, , , 2018-02-01T09:36:31Z, JJ, open
OWNER, 2018-05-01T07:51:02Z, JJ, 2018-03-18T15:07:45Z, zoffixznet, closed
MEMBER, , , 2018-03-05T16:52:27Z, JJ, open
MEMBER, 2017-02-28T21:38:48Z, WildYorkies, 2017-02-23T20:50:18Z, WildYorkies, closed
OWNER, 2018-03-02T11:56:14Z, zoffixznet, 2018-03-01T19:34:56Z, zoffixznet, closed
OWNER, , , 2016-12-04T09:09:02Z, zoffixznet, open
MEMBER, 2017-09-03T02:15:58Z, AlexDaniel, 2017-08-31T18:19:43Z, AlexDaniel, closed
MEMBER, , , 2017-09-02T20:18:04Z, AlexDaniel, open
MEMBER, 2017-02-12T13:17:24Z, gfldex, 2017-02-04T18:46:49Z, Altai-man, closed
MEMBER, 2016-04-16T10:11:18Z, dogbert17, 2015-08-06T05:23:16Z, jdv, closed
OWNER, , , 2017-06-15T15:14:03Z, zoffixznet, open
MEMBER, 2018-01-13T22:26:59Z, zoffixznet, 2017-12-17T10:38:01Z, AlexDaniel, closed
OWNER, 2017-05-31T01:10:50Z, coke, 2017-05-30T14:33:22Z, coke, closed
MEMBER, 2018-01-24T18:11:37Z, JJ, 2017-03-04T15:33:19Z, WildYorkies, closed
NONE, 2018-02-17T18:50:37Z, JJ, 2018-02-17T18:40:39Z, LenW2, closed
OWNER, 2015-10-09T03:06:46Z, coke, 2015-09-17T11:53:43Z, coke, closed
MEMBER, 2015-10-03T00:25:44Z, dha, 2015-10-03T00:14:28Z, dha, closed
MEMBER, 2016-12-04T03:55:05Z, titsuki, 2016-12-04T03:55:02Z, titsuki, closed
MEMBER, 2017-05-25T05:34:50Z, samcv, 2017-05-25T05:33:41Z, antquinonez, closed
OWNER, 2017-06-01T15:41:00Z, zoffixznet, 2017-06-01T14:52:28Z, coke, closed
CONTRIBUTOR, 2017-08-28T01:31:56Z, zoffixznet, 2017-08-27T19:49:51Z, pstuifzand, closed
CONTRIBUTOR, 2017-01-13T07:50:29Z, briandfoy, 2017-01-13T04:36:46Z, briandfoy, closed
MEMBER, 2017-09-03T06:58:16Z, AlexDaniel, 2017-03-01T02:09:01Z, LLFourn, closed
OWNER, 2015-10-12T16:43:37Z, zoffixznet, 2015-10-12T05:05:24Z, coke, closed
MEMBER, 2017-09-01T16:08:51Z, zoffixznet, 2017-08-29T21:57:34Z, AlexDaniel, closed
MEMBER, 2017-10-10T18:15:23Z, Tyil, 2017-10-10T12:57:50Z, W4anD0eR96, closed
MEMBER, 2016-11-15T19:19:16Z, zoffixznet, 2016-10-20T16:24:31Z, zostay, closed
MEMBER, 2016-12-21T21:15:34Z, Altai-man, 2016-12-09T14:44:41Z, Altai-man, closed
CONTRIBUTOR, 2018-03-26T20:16:19Z, zoffixznet, 2018-03-26T20:15:42Z, gfldex, closed
NONE, 2018-02-20T02:09:37Z, coke, 2018-02-19T22:27:03Z, jimav, closed
MEMBER, 2017-02-03T03:08:29Z, gfldex, 2017-02-02T22:22:03Z, Altai-man, closed
MEMBER, 2017-10-02T18:06:04Z, WildYorkies, 2017-03-04T03:48:43Z, WildYorkies, closed
MEMBER, 2017-06-15T19:16:19Z, dogbert17, 2016-10-02T21:57:45Z, AlexDaniel, closed
CONTRIBUTOR, 2017-05-05T23:49:02Z, zoffixznet, 2017-04-24T22:12:21Z, gfldex, closed
MEMBER, 2017-02-02T20:39:51Z, Altai-man, 2017-01-31T06:20:29Z, antquinonez, closed
MEMBER, 2017-09-02T06:22:23Z, AlexDaniel, 2017-09-02T05:59:39Z, AlexDaniel, closed
OWNER, 2016-12-31T01:52:29Z, coke, 2016-12-31T01:15:22Z, coke, closed
MEMBER, , , 2017-09-17T13:22:05Z, W4anD0eR96, open
OWNER, 2017-02-22T16:32:05Z, coke, 2017-02-13T17:11:09Z, coke, closed
CONTRIBUTOR, 2017-09-02T12:25:29Z, moritz, 2017-09-02T07:22:30Z, gfldex, closed
MEMBER, 2017-01-05T13:35:23Z, ronaldxs, 2016-12-21T17:38:58Z, ronaldxs, closed
MEMBER, 2016-11-15T19:19:17Z, zoffixznet, 2016-10-20T16:22:43Z, zostay, closed
MEMBER, 2017-02-19T08:26:36Z, titsuki, 2017-02-19T08:26:30Z, titsuki, closed
CONTRIBUTOR, , , 2017-05-05T18:52:26Z, gfldex, open
OWNER, 2015-10-08T17:13:24Z, coke, 2015-10-07T19:05:09Z, coke, closed
OWNER, 2017-07-04T15:39:19Z, dogbert17, 2017-07-04T15:15:24Z, coke, closed
OWNER, 2017-03-06T19:53:01Z, coke, 2017-03-06T13:41:24Z, coke, closed
NONE, 2018-02-13T14:21:22Z, CurtTilmes, 2018-02-12T23:48:44Z, jimav, closed
CONTRIBUTOR, 2017-08-08T21:39:15Z, zoffixznet, 2017-08-08T19:40:49Z, gfldex, closed
OWNER, 2017-05-24T18:18:36Z, zoffixznet, 2017-05-23T14:38:23Z, coke, closed
OWNER, 2016-10-26T18:19:14Z, coke, 2016-10-10T16:34:37Z, coke, closed
CONTRIBUTOR, 2017-05-23T17:52:50Z, lizmat, 2017-05-23T17:52:27Z, jecki, closed
MEMBER, 2017-04-16T07:06:37Z, szabgab, 2017-04-07T14:53:39Z, szabgab, closed
MEMBER, 2016-12-10T23:18:01Z, AlexDaniel, 2016-12-09T17:00:55Z, ronaldxs, closed
NONE, , , 2018-04-14T11:36:03Z, fecundf, open
MEMBER, , , 2018-03-04T11:30:33Z, JJ, open
OWNER, 2015-09-15T02:15:09Z, coke, 2015-09-14T21:52:02Z, coke, closed
MEMBER, 2017-11-09T14:26:46Z, zoffixznet, 2017-11-08T23:24:27Z, holli-holzer, closed
MEMBER, , , 2018-04-30T10:38:24Z, titsuki, open
MEMBER, , , 2018-03-28T17:01:13Z, ronaldxs, open
OWNER, 2018-03-19T12:51:16Z, zoffixznet, 2018-03-19T12:51:05Z, zoffixznet, closed
NONE, , , 2018-03-22T20:00:48Z, jimav, open
OWNER, 2018-01-23T16:43:11Z, zoffixznet, 2018-01-23T16:38:33Z, zoffixznet, closed
MEMBER, 2018-05-01T11:37:51Z, JJ, 2018-03-04T14:27:18Z, titsuki, closed
MEMBER, 2017-02-26T20:14:51Z, AlexDaniel, 2017-02-26T20:12:02Z, AlexDaniel, closed
MEMBER, 2018-03-05T13:28:01Z, zoffixznet, 2017-10-20T13:00:18Z, AlexDaniel, closed
OWNER, 2017-01-24T01:21:12Z, coke, 2017-01-21T05:37:05Z, coke, closed
MEMBER, 2017-10-24T15:50:42Z, rafaelschipiura, 2017-10-18T19:28:36Z, Tyil, closed
MEMBER, 2017-09-05T15:41:44Z, rafaelschipiura, 2017-09-02T00:12:01Z, AlexDaniel, closed
CONTRIBUTOR, 2016-09-15T15:14:53Z, jonathanstowe, 2016-09-15T14:21:52Z, ahalbert, closed
OWNER, 2015-07-25T08:13:59Z, paultcochrane, 2015-06-26T11:18:59Z, moritz, closed
MEMBER, 2017-08-07T00:35:34Z, coke, 2017-06-29T11:04:32Z, szabgab, closed
MEMBER, 2017-04-16T07:07:57Z, szabgab, 2017-03-27T08:45:51Z, szabgab, closed
MEMBER, 2017-02-20T16:03:29Z, titsuki, 2017-02-08T23:37:34Z, titsuki, closed
NONE, 2018-04-08T07:02:09Z, JJ, 2018-04-08T05:44:18Z, Gavlooth, closed
CONTRIBUTOR, 2012-07-04T14:32:43Z, xfix, 2012-07-04T14:30:37Z, muixirt, closed
MEMBER, 2017-09-01T17:09:20Z, zoffixznet, 2017-08-19T08:40:07Z, smls, closed
CONTRIBUTOR, 2017-10-16T22:01:29Z, zoffixznet, 2017-10-16T20:59:27Z, gfldex, closed
MEMBER, 2017-05-25T23:21:11Z, treyharris, 2017-05-25T21:40:22Z, antquinonez, closed
CONTRIBUTOR, 2017-10-24T12:25:57Z, rafaelschipiura, 2017-10-24T04:39:55Z, lefth, closed
OWNER, , , 2018-04-17T20:46:17Z, coke, open
MEMBER, 2018-04-17T08:29:17Z, fluca1978, 2018-04-07T04:52:08Z, titsuki, closed
MEMBER, 2017-09-03T00:23:53Z, AlexDaniel, 2016-12-08T13:22:43Z, AlexDaniel, closed
MEMBER, 2017-07-09T19:41:05Z, coke, 2017-05-08T18:47:05Z, AlexDaniel, closed
MEMBER, 2018-03-16T07:22:25Z, JJ, 2017-03-14T12:31:36Z, dfhoughton, closed
MEMBER, 2018-04-15T17:56:34Z, JJ, 2018-02-10T11:44:04Z, JJ, closed
MEMBER, 2016-11-15T09:56:10Z, gfldex, 2016-10-24T21:25:11Z, AlexDaniel, closed
MEMBER, 2015-10-31T18:46:34Z, moritz, 2015-10-31T14:30:32Z, LLFourn, closed
OWNER, 2015-09-14T20:43:59Z, coke, 2015-09-14T20:26:09Z, coke, closed
OWNER, 2017-08-08T00:50:26Z, coke, 2017-01-09T03:23:29Z, coke, closed
CONTRIBUTOR, 2017-05-05T22:45:10Z, zoffixznet, 2017-04-08T14:42:53Z, gfldex, closed
OWNER, , , 2017-07-31T11:56:32Z, coke, open
OWNER, 2016-10-26T18:21:47Z, coke, 2016-10-10T18:50:31Z, coke, closed
OWNER, 2017-01-31T00:47:24Z, coke, 2017-01-11T14:25:04Z, coke, closed
OWNER, , , 2017-07-05T03:05:50Z, coke, open
OWNER, 2015-10-08T17:12:34Z, coke, 2015-10-07T19:07:03Z, coke, closed
MEMBER, 2017-01-03T18:51:19Z, ronaldxs, 2016-12-07T22:00:47Z, ronaldxs, closed
MEMBER, 2017-06-29T22:44:07Z, zoffixznet, 2017-06-29T07:12:26Z, ufobat, closed
MEMBER, 2018-03-04T09:06:56Z, AlexDaniel, 2018-02-27T09:14:32Z, AlexDaniel, closed
MEMBER, 2016-10-05T07:28:55Z, jonathanstowe, 2016-10-05T05:58:15Z, zostay, closed
CONTRIBUTOR, 2017-09-03T12:42:31Z, moritz, 2017-09-02T23:11:24Z, gfldex, closed
MEMBER, , , 2017-02-24T19:58:59Z, AlexDaniel, open
CONTRIBUTOR, 2017-06-23T19:44:31Z, dogbert17, 2017-05-28T02:16:10Z, briandfoy, closed
MEMBER, 2016-12-11T12:33:24Z, tbrowder, 2016-12-10T15:10:17Z, Altai-man, closed
MEMBER, 2017-11-04T15:01:01Z, W4anD0eR96, 2017-11-04T00:10:15Z, AlexDaniel, closed
CONTRIBUTOR, 2018-02-15T11:55:59Z, lizmat, 2018-02-15T11:47:52Z, aluaces, closed
MEMBER, 2018-01-06T19:23:47Z, AlexDaniel, 2017-12-07T09:44:18Z, AlexDaniel, closed
MEMBER, 2018-02-10T09:17:46Z, JJ, 2018-02-09T19:08:54Z, JJ, closed
MEMBER, 2017-09-03T22:09:49Z, AlexDaniel, 2017-08-23T11:33:12Z, pwr22, closed
MEMBER, 2015-07-27T15:59:24Z, LLFourn, 2015-07-27T15:59:14Z, LLFourn, closed
MEMBER, , , 2017-11-04T09:49:59Z, AlexDaniel, open
CONTRIBUTOR, 2017-07-04T23:14:29Z, AlexDaniel, 2017-07-04T23:09:25Z, gdonald, closed
MEMBER, 2017-05-20T14:30:18Z, tbrowder, 2017-05-20T14:30:10Z, tbrowder, closed
OWNER, 2016-06-15T16:53:36Z, zoffixznet, 2015-09-17T11:53:17Z, coke, closed
OWNER, , , 2017-12-20T01:22:38Z, zoffixznet, open
MEMBER, 2016-12-25T00:05:53Z, titsuki, 2016-12-25T00:05:47Z, titsuki, closed
CONTRIBUTOR, , , 2017-09-23T09:16:12Z, gfldex, open
MEMBER, 2018-04-21T16:31:43Z, JJ, 2018-04-21T15:38:59Z, JJ, closed
MEMBER, 2016-10-06T19:23:11Z, dogbert17, 2016-09-29T01:08:36Z, AlexDaniel, closed
MEMBER, , , 2017-08-10T16:59:40Z, AlexDaniel, open
MEMBER, 2015-06-21T21:03:09Z, moritz, 2015-06-21T19:24:45Z, Zhtwn, closed
MEMBER, 2017-03-14T21:30:51Z, zoffixznet, 2017-03-11T11:37:53Z, hankache, closed
CONTRIBUTOR, 2018-04-26T06:45:03Z, JJ, 2018-04-23T22:30:42Z, COMBORICO, closed
MEMBER, 2017-11-26T22:14:02Z, W4anD0eR96, 2017-11-24T06:55:18Z, W4anD0eR96, closed
MEMBER, 2016-12-04T15:49:16Z, jonathanstowe, 2016-12-04T15:27:11Z, Altai-man, closed
MEMBER, 2017-11-04T14:58:00Z, AlexDaniel, 2017-10-24T15:21:28Z, rafaelschipiura, closed
MEMBER, 2018-04-23T16:06:52Z, JJ, 2018-04-22T11:19:55Z, AlexDaniel, closed
MEMBER, 2018-03-25T19:29:03Z, AlexDaniel, 2018-03-25T18:53:04Z, AlexDaniel, closed
MEMBER, 2018-03-03T21:13:03Z, AlexDaniel, 2016-10-20T13:28:57Z, MasterDuke17, closed
MEMBER, 2018-02-28T14:28:59Z, titsuki, 2018-02-28T14:28:54Z, titsuki, closed
NONE, 2018-03-10T10:55:54Z, JJ, 2015-10-16T12:44:37Z, vytas-dauksa, closed
MEMBER, , , 2017-09-03T01:53:43Z, AlexDaniel, open
MEMBER, 2017-05-05T19:10:35Z, zoffixznet, 2017-02-18T01:05:55Z, AlexDaniel, closed
MEMBER, 2017-09-01T17:21:01Z, moritz, 2017-03-26T17:16:40Z, AlexDaniel, closed
MEMBER, 2018-03-02T18:23:40Z, zoffixznet, 2018-02-24T14:51:39Z, titsuki, closed
MEMBER, 2016-12-03T10:26:19Z, titsuki, 2016-12-03T09:40:03Z, titsuki, closed
OWNER, 2018-02-10T12:27:42Z, JJ, 2016-09-18T17:17:02Z, zoffixznet, closed
OWNER, 2018-03-28T14:50:29Z, JJ, 2018-03-28T13:17:50Z, zoffixznet, closed
MEMBER, 2017-01-06T15:40:20Z, jonathanstowe, 2017-01-06T15:32:12Z, hankache, closed
MEMBER, 2018-01-06T19:53:31Z, AlexDaniel, 2017-06-20T04:17:54Z, LLFourn, closed
MEMBER, 2016-09-28T17:10:21Z, tbrowder, 2016-09-28T16:37:36Z, tbrowder, closed
CONTRIBUTOR, 2018-03-12T09:41:10Z, JJ, 2018-03-09T23:15:55Z, gfldex, closed
MEMBER, 2018-03-04T18:49:10Z, zoffixznet, 2018-03-04T14:55:10Z, titsuki, closed
MEMBER, 2017-05-18T23:11:33Z, robertlemmen, 2017-05-18T22:56:40Z, robertlemmen, closed
MEMBER, 2017-11-04T13:55:52Z, patzim, 2017-11-04T11:22:30Z, patzim, closed
MEMBER, 2017-09-29T23:33:32Z, tbrowder, 2017-09-29T23:02:07Z, tbrowder, closed
MEMBER, , , 2016-11-20T15:34:26Z, samcv, open
CONTRIBUTOR, 2018-04-20T06:36:39Z, JJ, 2017-04-04T19:27:10Z, gfldex, closed
OWNER, 2018-04-17T08:02:55Z, JJ, 2016-09-26T13:32:13Z, zoffixznet, closed
MEMBER, 2016-10-04T23:26:08Z, titsuki, 2016-09-29T13:55:29Z, titsuki, closed
MEMBER, 2017-09-06T03:28:50Z, rafaelschipiura, 2017-08-07T09:23:34Z, smls, closed
MEMBER, , , 2017-01-02T19:03:26Z, AlexDaniel, open
OWNER, 2018-04-10T17:17:04Z, JJ, 2017-10-24T20:52:46Z, coke, closed
OWNER, 2017-02-01T16:12:26Z, coke, 2017-01-19T20:11:46Z, zoffixznet, closed
MEMBER, , , 2017-10-14T11:13:14Z, smls, open
MEMBER, , , 2017-01-02T19:00:33Z, AlexDaniel, open
MEMBER, 2018-04-07T09:17:16Z, JJ, 2018-04-06T08:40:05Z, JJ, closed
MEMBER, 2017-11-01T00:06:28Z, W4anD0eR96, 2017-10-30T08:33:36Z, W4anD0eR96, closed
MEMBER, 2017-09-17T13:36:26Z, titsuki, 2017-09-17T13:08:58Z, titsuki, closed
MEMBER, , , 2016-09-12T03:38:58Z, AlexDaniel, open
MEMBER, 2018-01-21T16:02:48Z, titsuki, 2018-01-21T16:02:43Z, titsuki, closed
OWNER, 2017-01-09T04:08:13Z, coke, 2016-12-13T02:55:42Z, coke, closed
OWNER, , , 2016-12-16T20:32:02Z, coke, open
NONE, 2015-10-05T20:27:30Z, moritz, 2015-09-29T17:29:45Z, swuecho, closed
CONTRIBUTOR, 2017-03-17T20:23:17Z, samcv, 2017-03-16T19:14:54Z, gfldex, closed
MEMBER, , , 2016-09-30T23:14:10Z, AlexDaniel, open
OWNER, 2018-03-03T21:22:17Z, AlexDaniel, 2017-02-20T01:56:13Z, timo, closed
NONE, , , 2017-01-19T02:07:54Z, shicks, open
MEMBER, 2014-02-13T03:32:51Z, raiph, 2013-11-07T17:12:56Z, raiph, closed
OWNER, 2016-10-05T07:32:39Z, jonathanstowe, 2016-09-20T00:44:22Z, zoffixznet, closed
MEMBER, , , 2017-05-15T02:43:23Z, BenGoldberg1, open
MEMBER, 2016-12-31T03:44:14Z, coke, 2016-12-31T01:56:36Z, kalkin, closed
MEMBER, 2017-09-27T12:04:38Z, zoffixznet, 2017-09-27T12:02:18Z, jstuder-gh, closed
OWNER, 2017-12-29T04:59:01Z, coke, 2017-11-29T16:33:50Z, coke, closed
CONTRIBUTOR, 2017-12-18T00:41:31Z, W4anD0eR96, 2017-12-17T21:51:51Z, 0, closed
MEMBER, 2017-02-19T19:20:35Z, gfldex, 2017-02-13T22:57:05Z, WildYorkies, closed
CONTRIBUTOR, 2017-04-13T11:22:42Z, zoffixznet, 2017-04-13T10:23:02Z, Gnouc, closed
MEMBER, , , 2018-03-05T17:25:06Z, JJ, open
MEMBER, 2017-03-21T10:24:19Z, zoffixznet, 2017-03-21T02:46:12Z, dwarring, closed
MEMBER, 2017-07-25T11:05:57Z, AlexDaniel, 2017-07-25T09:35:04Z, faraco, closed
MEMBER, 2017-01-20T16:55:53Z, ronaldxs, 2017-01-20T15:24:30Z, ronaldxs, closed
MEMBER, 2017-09-06T04:50:13Z, rafaelschipiura, 2017-09-03T01:14:50Z, AlexDaniel, closed
MEMBER, 2017-11-01T00:04:09Z, W4anD0eR96, 2017-10-31T05:23:57Z, W4anD0eR96, closed
MEMBER, 2015-07-26T19:51:07Z, mdinger, 2015-07-26T19:19:47Z, mdinger, closed
MEMBER, 2017-05-24T01:22:55Z, antquinonez, 2017-05-24T00:42:05Z, antquinonez, closed
OWNER, 2016-12-22T22:19:17Z, coke, 2016-12-22T02:46:50Z, coke, closed
MEMBER, 2017-05-28T16:58:07Z, JJ, 2017-05-27T07:03:32Z, JJ, closed
MEMBER, 2018-03-29T08:28:31Z, lizmat, 2018-03-29T08:13:44Z, lizmat, closed
MEMBER, 2017-09-02T12:55:58Z, moritz, 2017-09-02T06:55:49Z, zakame, closed
CONTRIBUTOR, 2017-09-05T15:36:32Z, rafaelschipiura, 2017-08-23T15:22:56Z, gfldex, closed
CONTRIBUTOR, 2018-04-02T06:27:30Z, JJ, 2017-08-22T22:44:20Z, gfldex, closed
NONE, 2018-02-17T06:18:23Z, JJ, 2018-02-16T23:32:22Z, jimav, closed
MEMBER, 2015-11-09T05:32:10Z, LLFourn, 2015-11-09T05:23:35Z, awwaiid, closed
MEMBER, 2018-04-24T14:14:57Z, jkramer, 2018-04-24T12:58:37Z, jkramer, closed
MEMBER, 2017-09-23T23:22:18Z, tbrowder, 2017-09-23T13:19:30Z, tbrowder, closed
MEMBER, 2017-04-24T07:30:09Z, zoffixznet, 2017-04-24T07:28:38Z, treyharris, closed
MEMBER, , , 2017-09-03T01:19:36Z, AlexDaniel, open
MEMBER, 2015-09-02T08:44:13Z, teodozjan, 2015-09-01T12:34:22Z, teodozjan, closed
NONE, 2017-09-01T23:58:12Z, AlexDaniel, 2017-07-29T07:32:56Z, grimnebulin, closed
MEMBER, 2017-11-09T13:26:59Z, W4anD0eR96, 2017-10-24T15:20:27Z, rafaelschipiura, closed
OWNER, , , 2017-05-16T19:08:59Z, zoffixznet, open
CONTRIBUTOR, 2016-11-27T22:21:35Z, jonathanstowe, 2016-11-27T16:56:34Z, mienaikage, closed
NONE, 2017-05-06T08:32:03Z, samcv, 2017-05-03T12:59:24Z, con-mo8, closed
MEMBER, 2017-01-21T16:39:28Z, antquinonez, 2016-12-20T07:37:50Z, antquinonez, closed
MEMBER, , , 2018-03-02T18:32:10Z, AlexDaniel, open
CONTRIBUTOR, 2017-06-26T02:19:09Z, coke, 2017-04-17T22:18:30Z, gfldex, closed
CONTRIBUTOR, 2017-10-16T13:47:22Z, zoffixznet, 2017-10-16T13:38:11Z, gfldex, closed
NONE, 2017-01-06T11:16:10Z, gfldex, 2017-01-02T02:17:42Z, benignbala, closed
MEMBER, , , 2016-12-10T12:04:07Z, niner, open
OWNER, 2017-10-24T17:11:51Z, coke, 2017-01-10T22:02:59Z, coke, closed
MEMBER, 2016-12-11T05:45:37Z, coke, 2016-10-13T15:28:04Z, samcv, closed
OWNER, 2016-12-18T22:35:18Z, samcv, 2016-09-10T19:17:16Z, zoffixznet, closed
MEMBER, 2016-10-10T16:32:03Z, titsuki, 2016-10-10T16:31:58Z, titsuki, closed
MEMBER, 2017-03-02T15:27:44Z, WildYorkies, 2017-02-26T16:22:11Z, WildYorkies, closed
MEMBER, 2018-01-27T07:41:50Z, JJ, 2015-06-14T12:23:12Z, ab5tract, closed
MEMBER, 2017-03-04T02:32:15Z, WildYorkies, 2017-02-24T21:01:03Z, WildYorkies, closed
MEMBER, 2017-11-05T09:51:30Z, AlexDaniel, 2017-09-18T15:04:16Z, AlexDaniel, closed
OWNER, 2015-12-24T07:27:29Z, awwaiid, 2015-10-08T02:38:33Z, coke, closed
CONTRIBUTOR, 2017-08-08T00:24:01Z, coke, 2017-05-26T22:24:40Z, briandfoy, closed
MEMBER, 2017-09-02T16:04:48Z, zoffixznet, 2017-09-02T15:59:27Z, zakame, closed
MEMBER, 2017-11-06T01:32:47Z, W4anD0eR96, 2017-11-05T07:29:24Z, W4anD0eR96, closed
NONE, 2018-05-01T17:55:58Z, JJ, 2018-04-30T13:27:06Z, evb0110, closed
MEMBER, 2018-04-30T05:41:42Z, JJ, 2018-04-09T15:42:12Z, JJ, closed
MEMBER, 2018-03-20T18:42:12Z, JJ, 2018-03-19T19:21:36Z, JJ, closed
MEMBER, 2017-05-30T17:02:08Z, zoffixznet, 2017-05-26T20:03:54Z, zostay, closed
MEMBER, 2017-08-31T19:16:04Z, moritz, 2017-08-31T19:00:21Z, sjn, closed
MEMBER, 2018-02-12T14:05:48Z, JJ, 2018-02-12T13:52:29Z, JJ, closed
MEMBER, 2015-11-20T03:26:08Z, zoffixznet, 2015-10-28T08:13:16Z, teodozjan, closed
CONTRIBUTOR, , , 2017-04-09T00:04:25Z, briandfoy, open
MEMBER, 2017-10-25T18:06:25Z, zoffixznet, 2017-10-25T17:40:26Z, W4anD0eR96, closed
CONTRIBUTOR, , , 2017-01-17T15:55:42Z, briandfoy, open
MEMBER, , , 2017-11-06T22:40:47Z, AlexDaniel, open
MEMBER, 2017-05-19T22:18:57Z, zoffixznet, 2017-05-19T20:05:28Z, the-eater, closed
OWNER, 2018-04-28T08:39:42Z, JJ, 2015-10-14T17:33:54Z, zoffixznet, closed
MEMBER, 2016-10-23T22:44:00Z, awwaiid, 2016-10-23T19:04:42Z, awwaiid, closed
CONTRIBUTOR, 2017-01-05T01:29:31Z, AlexDaniel, 2017-01-04T06:49:48Z, briandfoy, closed
OWNER, 2017-06-20T06:45:54Z, coke, 2017-06-20T06:17:28Z, coke, closed
CONTRIBUTOR, 2017-08-15T19:39:03Z, zoffixznet, 2017-08-07T08:14:14Z, nkh, closed
MEMBER, 2016-03-13T22:08:13Z, awwaiid, 2015-08-10T18:21:19Z, smls, closed
MEMBER, 2018-04-23T05:52:11Z, JJ, 2018-03-15T13:46:02Z, JJ, closed
MEMBER, 2017-06-11T03:28:38Z, zoffixznet, 2017-06-11T02:52:15Z, antquinonez, closed
OWNER, 2017-03-25T00:15:48Z, coke, 2017-03-20T17:35:27Z, coke, closed
MEMBER, 2017-08-09T04:17:59Z, coke, 2017-08-08T13:11:34Z, AlexDaniel, closed
MEMBER, 2017-06-20T04:19:23Z, LLFourn, 2017-06-16T00:28:07Z, LLFourn, closed
MEMBER, 2016-07-01T14:39:10Z, AlexDaniel, 2012-09-04T13:36:41Z, ronaldxs, closed
MEMBER, 2017-01-21T16:54:20Z, antquinonez, 2016-12-22T06:09:49Z, antquinonez, closed
MEMBER, 2018-02-11T18:14:24Z, JJ, 2018-02-11T11:07:29Z, JJ, closed
MEMBER, 2018-04-27T20:15:21Z, zoffixznet, 2018-04-24T10:48:39Z, jkramer, closed
OWNER, 2017-06-06T03:22:52Z, coke, 2017-06-05T12:14:23Z, coke, closed
MEMBER, , , 2018-03-23T16:51:24Z, ufobat, open
MEMBER, , , 2017-09-03T01:39:43Z, rafaelschipiura, open
OWNER, 2017-09-03T01:08:23Z, AlexDaniel, 2017-06-09T15:29:52Z, coke, closed
MEMBER, 2018-03-03T15:08:48Z, tbrowder, 2018-02-23T22:36:43Z, tbrowder, closed
CONTRIBUTOR, 2016-10-11T19:03:54Z, AlexDaniel, 2016-10-11T13:54:40Z, nicqrocks, closed
CONTRIBUTOR, 2016-12-31T01:41:58Z, zoffixznet, 2016-12-25T00:52:17Z, rightfold, closed
OWNER, , , 2017-12-20T15:33:16Z, zoffixznet, open
MEMBER, 2017-10-29T03:55:45Z, zoffixznet, 2017-10-29T03:08:25Z, jstuder-gh, closed
MEMBER, 2017-03-06T19:53:01Z, coke, 2017-03-06T19:44:22Z, hankache, closed
MEMBER, 2016-12-12T09:00:56Z, AlexDaniel, 2016-12-11T21:56:31Z, lizmat, closed
MEMBER, 2017-05-06T09:57:09Z, titsuki, 2017-04-22T05:27:47Z, titsuki, closed
CONTRIBUTOR, 2017-10-16T22:01:29Z, zoffixznet, 2017-10-16T21:09:27Z, gfldex, closed
CONTRIBUTOR, 2017-11-04T07:26:34Z, W4anD0eR96, 2017-10-30T21:59:23Z, COMBORICO, closed
MEMBER, 2017-09-03T08:26:09Z, moritz, 2017-09-03T08:11:55Z, lancew, closed
MEMBER, 2017-02-19T19:30:59Z, gfldex, 2017-02-13T22:53:25Z, WildYorkies, closed
MEMBER, , , 2018-04-20T20:09:57Z, Kaiepi, open
CONTRIBUTOR, 2017-09-27T23:29:58Z, zoffixznet, 2017-09-21T08:47:50Z, gfldex, closed
MEMBER, , , 2018-04-13T12:25:23Z, JJ, open
MEMBER, 2017-11-05T10:04:30Z, AlexDaniel, 2017-09-05T20:12:33Z, AlexDaniel, closed
MEMBER, 2017-02-12T12:45:17Z, gfldex, 2017-02-04T05:45:40Z, titsuki, closed
MEMBER, , , 2017-12-23T07:01:44Z, titsuki, open
MEMBER, , , 2018-02-18T17:00:05Z, titsuki, open
OWNER, , JJ, 2015-10-17T00:47:21Z, zoffixznet, open
MEMBER, , , 2017-03-12T16:14:30Z, AlexDaniel, open
MEMBER, 2017-01-30T02:25:42Z, zoffixznet, 2017-01-30T02:22:51Z, CurtTilmes, closed
MEMBER, 2018-04-30T03:30:53Z, W4anD0eR96, 2018-04-30T03:15:02Z, mryan, closed
OWNER, 2017-08-19T18:01:56Z, coke, 2017-08-18T13:11:12Z, zoffixznet, closed
MEMBER, , , 2017-06-12T21:13:55Z, Juerd, open
MEMBER, 2015-10-18T19:42:51Z, moritz, 2015-10-17T17:32:27Z, MARTIMM, closed
CONTRIBUTOR, , briandfoy, 2017-01-13T03:38:10Z, briandfoy, open
MEMBER, 2017-12-16T21:46:23Z, zoffixznet, 2017-12-16T13:31:09Z, manchicken, closed
MEMBER, 2016-12-07T09:30:22Z, titsuki, 2016-12-07T09:30:18Z, titsuki, closed
CONTRIBUTOR, 2017-09-01T17:14:29Z, moritz, 2017-04-07T12:06:13Z, briandfoy, closed
MEMBER, 2017-02-21T14:05:26Z, ronaldxs, 2017-01-02T18:53:55Z, ronaldxs, closed
MEMBER, 2017-09-05T13:26:43Z, zoffixznet, 2017-09-03T04:31:35Z, rafaelschipiura, closed
MEMBER, 2018-04-30T19:20:15Z, fluca1978, 2018-04-22T11:06:03Z, AlexDaniel, closed
MEMBER, 2017-02-11T19:31:15Z, Altai-man, 2017-02-03T22:56:13Z, Altai-man, closed
MEMBER, 2018-04-13T06:01:16Z, JJ, 2018-04-08T12:39:57Z, AlexDaniel, closed
MEMBER, 2016-10-10T14:35:43Z, jonathanstowe, 2016-10-10T13:49:40Z, fluca1978, closed
MEMBER, 2017-11-04T13:14:59Z, W4anD0eR96, 2017-01-16T19:12:03Z, AlexDaniel, closed
MEMBER, 2018-01-12T09:31:00Z, fluca1978, 2018-01-11T00:22:56Z, AlexDaniel, closed
MEMBER, 2017-05-20T14:36:47Z, tbrowder, 2017-05-20T14:36:34Z, tbrowder, closed
CONTRIBUTOR, 2017-04-05T17:41:07Z, coke, 2017-04-02T13:59:32Z, nkh, closed
MEMBER, 2018-04-15T09:54:20Z, JJ, 2018-04-15T09:40:30Z, JJ, closed
MEMBER, , , 2018-03-09T07:10:10Z, JJ, open
MEMBER, 2018-03-10T20:47:54Z, AlexDaniel, 2018-03-10T18:02:15Z, cfa, closed
MEMBER, 2015-10-15T07:37:04Z, moritz, 2015-10-15T07:30:00Z, LLFourn, closed
NONE, 2018-04-06T17:02:39Z, JJ, 2018-04-06T13:46:56Z, Gavlooth, closed
MEMBER, 2016-09-16T14:08:16Z, moritz, 2016-09-16T14:05:41Z, jkramer, closed
NONE, 2016-09-15T16:06:13Z, shadowcat-mst, 2016-09-14T01:35:21Z, shadowcat-mst, closed
NONE, 2015-10-21T04:39:17Z, moritz, 2015-10-21T03:02:22Z, djgoku, closed
OWNER, , , 2017-06-20T15:36:07Z, coke, open
MEMBER, 2016-12-21T21:41:40Z, Altai-man, 2016-12-21T19:24:05Z, Altai-man, closed
CONTRIBUTOR, 2015-01-02T13:58:30Z, moritz, 2012-08-28T19:06:14Z, uvtc, closed
MEMBER, 2015-07-25T10:11:13Z, paultcochrane, 2015-06-11T18:49:38Z, kmetcalf, closed
MEMBER, 2015-10-08T23:08:22Z, jonathanstowe, 2015-09-19T02:03:18Z, dha, closed
MEMBER, 2017-05-18T05:46:56Z, moritz, 2017-05-18T05:21:11Z, antquinonez, closed
MEMBER, , , 2017-10-11T21:47:36Z, AlexDaniel, open
MEMBER, 2017-09-21T19:54:58Z, robertlemmen, 2017-09-21T11:50:23Z, robertlemmen, closed
OWNER, 2018-04-27T20:15:22Z, zoffixznet, 2018-01-23T17:53:45Z, zoffixznet, closed
MEMBER, 2017-01-08T20:16:32Z, zoffixznet, 2017-01-05T11:31:12Z, JJ, closed
OWNER, 2018-01-25T01:54:08Z, zoffixznet, 2018-01-25T01:53:40Z, zoffixznet, closed
MEMBER, , , 2017-09-01T22:57:09Z, AlexDaniel, open
OWNER, 2018-03-04T08:59:15Z, AlexDaniel, 2016-10-26T18:23:07Z, coke, closed
OWNER, 2016-12-17T12:01:39Z, zoffixznet, 2016-12-15T19:06:07Z, zoffixznet, closed
NONE, 2017-11-04T11:59:16Z, W4anD0eR96, 2017-09-23T21:28:24Z, ethus3h, closed
OWNER, 2018-04-12T17:19:48Z, JJ, 2017-04-11T15:18:26Z, zoffixznet, closed
OWNER, 2017-10-25T18:06:26Z, zoffixznet, 2017-10-25T16:00:11Z, zoffixznet, closed
MEMBER, 2017-06-24T23:24:20Z, dogbert17, 2016-09-26T16:29:22Z, titsuki, closed
MEMBER, 2017-05-31T00:07:59Z, coke, 2017-05-26T17:49:45Z, AlexDaniel, closed
MEMBER, 2017-10-25T19:04:19Z, zoffixznet, 2017-10-25T15:25:09Z, 7ojo, closed
MEMBER, 2017-09-03T05:43:39Z, rafaelschipiura, 2017-01-24T21:52:54Z, bbkr, closed
MEMBER, , , 2015-08-06T12:49:02Z, smls, open
MEMBER, 2017-12-14T07:09:31Z, fluca1978, 2017-12-07T10:50:47Z, fluca1978, closed
MEMBER, 2017-09-02T01:27:30Z, AlexDaniel, 2017-07-26T18:05:59Z, colomon, closed
MEMBER, 2015-10-30T16:59:55Z, jonathanstowe, 2015-10-30T16:47:28Z, LLFourn, closed
OWNER, 2017-01-04T14:33:02Z, coke, 2017-01-04T14:31:42Z, coke, closed
MEMBER, 2016-10-16T18:20:31Z, AlexDaniel, 2016-10-10T22:17:55Z, AlexDaniel, closed
MEMBER, 2017-11-03T19:20:08Z, patzim, 2017-11-03T11:44:05Z, patzim, closed
OWNER, 2017-06-27T17:00:03Z, zoffixznet, 2017-06-27T16:42:25Z, coke, closed
MEMBER, 2018-03-15T06:58:54Z, JJ, 2018-03-15T06:55:53Z, JJ, closed
MEMBER, 2016-12-10T12:26:06Z, Altai-man, 2016-12-01T22:20:47Z, AlexDaniel, closed
OWNER, 2017-05-31T14:30:29Z, zoffixznet, 2017-05-30T14:33:50Z, coke, closed
NONE, , , 2017-07-27T12:20:03Z, daxim, open
MEMBER, 2018-04-29T03:59:59Z, W4anD0eR96, 2018-04-29T01:54:15Z, taboege, closed
OWNER, 2017-05-22T21:30:28Z, zoffixznet, 2017-05-22T17:55:33Z, coke, closed
MEMBER, 2018-02-28T16:50:44Z, lizmat, 2018-02-28T16:22:45Z, lizmat, closed
MEMBER, 2018-03-08T22:22:46Z, titsuki, 2018-03-07T16:16:28Z, titsuki, closed
MEMBER, , , 2018-04-22T17:20:22Z, JJ, open
MEMBER, 2018-03-22T16:22:47Z, JJ, 2018-03-22T06:28:59Z, JJ, closed
MEMBER, 2017-12-01T00:00:16Z, tbrowder, 2017-11-30T23:59:52Z, tbrowder, closed
CONTRIBUTOR, , , 2018-04-30T16:42:48Z, COMBORICO, open
CONTRIBUTOR, 2017-03-25T00:22:30Z, coke, 2017-03-23T16:49:16Z, gfldex, closed
MEMBER, , , 2018-04-22T16:20:58Z, JJ, open
MEMBER, 2018-05-02T05:52:12Z, JJ, 2018-05-01T16:47:17Z, JJ, closed
NONE, 2018-01-17T01:43:44Z, coke, 2017-11-26T19:33:36Z, anopperl, closed
NONE, 2015-11-13T13:52:46Z, stmuk, 2015-11-06T00:42:32Z, GeJ, closed
MEMBER, 2018-01-13T23:18:07Z, AlexDaniel, 2017-09-02T06:29:43Z, AlexDaniel, closed
OWNER, 2017-08-02T23:22:07Z, coke, 2017-06-20T06:55:45Z, coke, closed
OWNER, , , 2018-02-25T04:34:56Z, zoffixznet, open
OWNER, 2015-10-28T17:46:40Z, stmuk, 2015-10-12T17:22:37Z, zoffixznet, closed
CONTRIBUTOR, 2018-04-14T07:45:16Z, JJ, 2017-09-16T07:39:27Z, gfldex, closed
MEMBER, 2017-03-04T16:09:35Z, WildYorkies, 2017-02-26T21:29:46Z, WildYorkies, closed
CONTRIBUTOR, , , 2017-10-31T10:28:02Z, lefth, open
MEMBER, , , 2016-10-14T04:42:13Z, zostay, open
CONTRIBUTOR, , , 2017-08-14T08:30:03Z, gfldex, open
NONE, 2018-02-20T16:20:51Z, denis-beurive, 2018-02-19T13:23:30Z, denis-beurive, closed
MEMBER, 2018-04-21T07:24:54Z, Kaiepi, 2018-04-20T19:54:30Z, Kaiepi, closed
OWNER, 2017-08-07T01:11:18Z, coke, 2017-06-06T21:49:43Z, coke, closed
MEMBER, 2016-12-11T12:48:32Z, Altai-man, 2016-12-11T12:24:33Z, titsuki, closed
MEMBER, 2016-07-11T08:57:31Z, gfldex, 2015-10-17T19:25:57Z, MARTIMM, closed
MEMBER, 2018-03-12T06:48:52Z, cfa, 2018-03-04T19:44:02Z, cfa, closed
MEMBER, 2017-08-08T00:42:21Z, coke, 2017-02-20T15:48:01Z, AlexDaniel, closed
MEMBER, 2018-02-04T03:48:47Z, titsuki, 2018-02-04T03:48:30Z, titsuki, closed
CONTRIBUTOR, 2017-11-04T08:20:31Z, W4anD0eR96, 2017-09-16T21:35:25Z, gfldex, closed
MEMBER, 2017-01-23T14:39:51Z, Altai-man, 2017-01-23T14:16:43Z, Altai-man, closed
MEMBER, 2015-11-11T21:50:47Z, zoffixznet, 2015-11-11T21:01:34Z, dha, closed
OWNER, 2017-05-15T11:57:33Z, moritz, 2017-05-15T10:56:09Z, masak, closed
MEMBER, 2017-11-05T11:46:35Z, AlexDaniel, 2017-06-30T14:01:37Z, smls, closed
MEMBER, 2017-09-17T13:36:26Z, titsuki, 2017-01-02T13:25:52Z, titsuki, closed
MEMBER, 2017-10-11T14:48:44Z, rafaelschipiura, 2017-10-10T11:47:23Z, fluca1978, closed
MEMBER, 2016-12-20T15:00:08Z, coke, 2016-12-20T11:39:56Z, 0racle, closed
CONTRIBUTOR, 2016-10-04T16:50:22Z, jonathanstowe, 2016-10-04T15:31:32Z, ggoebel, closed
MEMBER, 2017-08-31T20:24:25Z, moritz, 2017-01-19T01:55:46Z, ronaldxs, closed
MEMBER, 2016-11-14T12:30:53Z, jonathanstowe, 2016-11-14T06:34:03Z, samcv, closed
NONE, , , 2018-04-30T13:31:40Z, evb0110, open
MEMBER, 2016-12-01T23:56:48Z, AlexDaniel, 2016-10-30T00:07:06Z, AlexDaniel, closed
CONTRIBUTOR, 2017-09-27T23:29:58Z, zoffixznet, 2017-09-23T09:27:39Z, gfldex, closed
MEMBER, 2017-11-05T07:25:35Z, W4anD0eR96, 2017-11-05T06:41:16Z, W4anD0eR96, closed
MEMBER, 2017-06-17T19:16:03Z, dogbert17, 2016-09-29T13:49:42Z, titsuki, closed
OWNER, 2017-09-02T12:54:35Z, zoffixznet, 2017-07-04T20:32:18Z, coke, closed
CONTRIBUTOR, 2016-09-17T19:25:27Z, Altai-man, 2016-09-17T16:57:07Z, thormick, closed
MEMBER, 2018-04-27T20:15:21Z, zoffixznet, 2018-04-16T21:10:20Z, zaucker, closed
CONTRIBUTOR, 2017-09-03T12:39:37Z, moritz, 2017-09-03T08:46:43Z, gfldex, closed
MEMBER, , , 2017-06-03T22:13:29Z, rurban, open
OWNER, 2017-06-20T06:02:36Z, coke, 2017-06-12T21:12:17Z, coke, closed
CONTRIBUTOR, 2017-01-23T15:33:45Z, Altai-man, 2017-01-23T15:33:12Z, nicqrocks, closed
CONTRIBUTOR, 2017-09-03T12:42:30Z, moritz, 2017-09-02T23:22:44Z, gfldex, closed
CONTRIBUTOR, 2016-12-31T03:45:52Z, coke, 2016-12-14T22:26:11Z, nicqrocks, closed
OWNER, , , 2018-04-06T01:02:26Z, zoffixznet, open
MEMBER, 2014-06-19T05:45:15Z, Mouq, 2014-04-03T08:38:04Z, teodozjan, closed
MEMBER, 2018-04-12T07:33:21Z, JJ, 2018-04-12T07:29:07Z, JJ, closed
MEMBER, , , 2017-12-10T11:01:32Z, mj41, open
MEMBER, 2017-07-17T05:19:15Z, AlexDaniel, 2017-07-17T05:17:35Z, AlexDaniel, closed
MEMBER, 2015-11-16T14:19:16Z, zoffixznet, 2015-11-16T13:24:47Z, ungrim97, closed
MEMBER, 2018-03-25T19:34:33Z, JJ, 2018-03-24T21:44:12Z, tbrowder, closed
MEMBER, , , 2017-10-05T03:15:46Z, AlexDaniel, open
CONTRIBUTOR, 2017-05-06T03:10:21Z, zoffixznet, 2017-04-10T22:39:11Z, gfldex, closed
MEMBER, 2015-11-09T03:48:49Z, zoffixznet, 2015-11-09T03:10:39Z, awwaiid, closed
OWNER, 2017-02-21T19:33:08Z, coke, 2017-02-20T06:43:10Z, coke, closed
MEMBER, 2018-04-09T02:57:15Z, zoffixznet, 2018-04-09T01:56:46Z, colomon, closed
OWNER, 2017-06-10T12:10:00Z, dogbert17, 2017-06-09T13:05:43Z, coke, closed
MEMBER, 2017-03-16T12:07:54Z, zoffixznet, 2017-03-14T22:53:27Z, FCO, closed
OWNER, 2017-12-22T11:22:35Z, zoffixznet, 2017-12-20T04:40:57Z, zoffixznet, closed
MEMBER, 2018-02-19T08:40:20Z, JJ, 2018-02-16T07:58:38Z, labster, closed
OWNER, 2018-04-13T05:52:17Z, JJ, 2018-02-28T14:58:54Z, coke, closed
MEMBER, 2017-04-24T07:51:11Z, moritz, 2017-04-24T07:49:28Z, treyharris, closed
OWNER, 2016-06-10T18:06:27Z, coke, 2015-08-22T13:53:59Z, zoffixznet, closed
CONTRIBUTOR, 2017-06-06T12:09:13Z, zoffixznet, 2017-06-06T00:52:59Z, flussence, closed
CONTRIBUTOR, 2017-10-16T13:47:22Z, zoffixznet, 2017-10-16T11:27:34Z, gfldex, closed
MEMBER, , , 2018-03-05T17:11:42Z, JJ, open
MEMBER, 2018-04-17T06:55:52Z, JJ, 2018-04-12T16:20:59Z, JJ, closed
CONTRIBUTOR, 2016-09-17T17:03:21Z, jonathanstowe, 2016-09-17T15:15:48Z, ahalbert, closed
OWNER, , , 2016-12-28T19:38:07Z, coke, open
CONTRIBUTOR, 2017-09-19T15:16:03Z, zoffixznet, 2017-09-10T11:25:51Z, gfldex, closed
MEMBER, 2015-10-17T15:08:56Z, moritz, 2015-08-05T21:46:49Z, smls, closed
OWNER, 2016-12-13T11:04:47Z, zoffixznet, 2016-12-11T19:12:20Z, coke, closed
MEMBER, 2018-03-04T11:34:59Z, AlexDaniel, 2018-03-04T09:02:28Z, AlexDaniel, closed
CONTRIBUTOR, 2018-01-02T14:47:09Z, W4anD0eR96, 2018-01-02T08:50:40Z, gfldex, closed
CONTRIBUTOR, 2016-11-27T22:21:35Z, jonathanstowe, 2016-11-26T23:29:06Z, mienaikage, closed
CONTRIBUTOR, 2017-01-01T18:19:48Z, briandfoy, 2016-12-27T22:10:47Z, briandfoy, closed
OWNER, , , 2017-10-26T12:42:02Z, coke, open
CONTRIBUTOR, 2018-04-15T04:57:09Z, zoffixznet, 2018-04-15T04:56:26Z, ilyash-b, closed
MEMBER, 2017-01-10T14:08:37Z, faraco, 2017-01-10T06:38:36Z, faraco, closed
MEMBER, 2018-02-27T08:44:19Z, fluca1978, 2017-12-06T12:47:27Z, fluca1978, closed
MEMBER, 2018-02-20T03:00:16Z, zoffixznet, 2018-02-06T14:22:17Z, AlexDaniel, closed
NONE, 2017-11-24T06:51:57Z, W4anD0eR96, 2017-11-24T02:32:34Z, geekosaur, closed
CONTRIBUTOR, 2017-09-09T04:12:20Z, rafaelschipiura, 2017-09-09T03:48:53Z, lefth, closed
OWNER, 2017-06-16T19:25:07Z, dogbert17, 2016-10-13T14:22:50Z, coke, closed
MEMBER, 2015-12-14T21:10:41Z, awwaiid, 2015-10-27T16:35:57Z, ronaldxs, closed
MEMBER, 2017-05-26T00:48:31Z, zoffixznet, 2017-05-26T00:06:18Z, antquinonez, closed
MEMBER, 2016-10-26T13:24:15Z, Altai-man, 2016-10-26T09:59:07Z, Altai-man, closed
MEMBER, 2015-08-29T12:37:35Z, moritz, 2015-08-29T11:08:31Z, MARTIMM, closed
MEMBER, 2017-11-06T03:37:20Z, jstuder-gh, 2017-11-05T18:58:44Z, jstuder-gh, closed
MEMBER, 2016-10-05T07:32:37Z, jonathanstowe, 2016-10-05T05:25:21Z, zostay, closed
OWNER, 2016-10-26T18:18:46Z, coke, 2016-10-10T16:36:32Z, coke, closed
OWNER, 2017-10-21T01:20:03Z, zoffixznet, 2017-10-02T16:18:34Z, zoffixznet, closed
MEMBER, 2017-06-15T15:06:49Z, zoffixznet, 2016-10-01T00:19:09Z, grizzlysmit, closed
OWNER, 2017-05-30T20:29:14Z, dogbert17, 2017-05-30T14:34:20Z, coke, closed
MEMBER, 2016-12-08T00:57:21Z, coke, 2016-11-26T03:07:44Z, titsuki, closed
MEMBER, 2018-04-16T05:36:22Z, JJ, 2018-04-16T05:31:30Z, W4anD0eR96, closed
MEMBER, , , 2018-04-26T05:35:14Z, JJ, open
MEMBER, 2017-08-07T22:27:51Z, molecules, 2017-08-07T18:55:41Z, molecules, closed
MEMBER, , , 2017-11-14T13:02:10Z, W4anD0eR96, open
MEMBER, 2018-01-06T05:05:17Z, AlexDaniel, 2017-12-21T17:02:56Z, AlexDaniel, closed
MEMBER, 2017-02-17T14:11:53Z, coke, 2017-02-02T23:40:02Z, WildYorkies, closed
OWNER, , , 2017-09-09T12:46:27Z, timo, open
MEMBER, , , 2018-04-08T07:14:11Z, JJ, open
MEMBER, , , 2017-10-24T15:23:41Z, rafaelschipiura, open
MEMBER, 2017-01-23T14:41:09Z, Altai-man, 2016-12-13T23:40:16Z, AlexDaniel, closed
OWNER, 2016-12-11T05:30:34Z, coke, 2016-10-10T16:31:44Z, coke, closed
MEMBER, 2017-03-06T09:48:58Z, hankache, 2017-03-04T15:48:38Z, hankache, closed
CONTRIBUTOR, 2017-05-05T23:19:03Z, zoffixznet, 2017-04-09T00:06:59Z, briandfoy, closed
MEMBER, 2017-03-20T16:16:28Z, zoffixznet, 2017-03-20T16:06:29Z, zostay, closed
MEMBER, 2016-12-11T12:33:24Z, tbrowder, 2016-12-03T14:55:29Z, AlexDaniel, closed
CONTRIBUTOR, , , 2017-09-13T11:30:25Z, gfldex, open
NONE, 2018-03-08T06:39:45Z, JJ, 2018-03-07T18:46:08Z, jimav, closed
MEMBER, 2017-10-30T07:34:08Z, 7ojo, 2017-10-29T20:57:01Z, jstuder-gh, closed
CONTRIBUTOR, , , 2017-01-02T20:32:54Z, briandfoy, open
MEMBER, 2018-01-06T06:44:46Z, zoffixznet, 2017-04-24T22:45:45Z, AlexDaniel, closed
OWNER, 2018-03-26T20:06:47Z, zoffixznet, 2018-03-26T19:35:38Z, zoffixznet, closed
MEMBER, 2016-04-17T14:40:01Z, coke, 2015-09-25T14:56:22Z, jdv, closed
MEMBER, , , 2016-09-29T01:11:35Z, AlexDaniel, open
OWNER, 2018-03-19T15:42:45Z, coke, 2018-03-05T13:46:22Z, coke, closed
OWNER, 2017-02-01T20:29:55Z, zoffixznet, 2017-01-23T19:44:00Z, coke, closed
NONE, 2015-06-28T20:14:55Z, jnthn, 2015-06-28T19:54:58Z, ghost, closed
OWNER, 2017-03-13T13:08:37Z, coke, 2017-03-06T16:59:30Z, coke, closed
MEMBER, 2017-11-01T00:04:09Z, W4anD0eR96, 2017-09-11T17:59:54Z, smls, closed
CONTRIBUTOR, 2016-11-15T19:16:01Z, zoffixznet, 2016-10-26T20:44:07Z, VynceMontgomery, closed
MEMBER, , , 2016-12-15T19:41:48Z, AlexDaniel, open
MEMBER, 2018-03-03T18:43:36Z, AlexDaniel, 2017-09-03T05:07:11Z, AlexDaniel, closed
MEMBER, 2017-02-28T21:38:40Z, WildYorkies, 2017-02-23T20:58:45Z, WildYorkies, closed
MEMBER, 2017-08-08T00:33:09Z, coke, 2017-03-05T19:53:59Z, AlexDaniel, closed
MEMBER, 2017-01-09T03:36:34Z, coke, 2016-10-30T00:12:28Z, AlexDaniel, closed
CONTRIBUTOR, 2017-12-21T16:53:19Z, W4anD0eR96, 2017-12-14T02:04:04Z, gfldex, closed
MEMBER, 2017-09-01T16:08:22Z, zoffixznet, 2017-08-30T23:14:51Z, molecules, closed
OWNER, 2017-07-18T15:57:05Z, timo, 2017-07-18T14:42:29Z, pmichaud, closed
MEMBER, 2015-07-27T13:59:42Z, paultcochrane, 2015-07-27T13:46:55Z, LLFourn, closed
OWNER, , , 2017-08-03T18:05:25Z, coke, open
OWNER, 2018-04-14T09:40:19Z, JJ, 2017-01-21T06:20:46Z, coke, closed
OWNER, 2017-02-15T21:40:02Z, coke, 2017-02-15T21:38:14Z, coke, closed
MEMBER, 2017-09-02T06:22:23Z, AlexDaniel, 2017-09-02T06:19:47Z, Altai-man, closed
MEMBER, 2017-09-01T12:50:12Z, zoffixznet, 2017-08-31T23:24:51Z, book, closed
CONTRIBUTOR, 2015-07-31T04:36:43Z, jonathanstowe, 2015-07-31T00:18:00Z, Sgeo, closed
OWNER, , JJ, 2018-04-07T03:55:08Z, zoffixznet, open
MEMBER, 2017-10-12T17:01:03Z, Tyil, 2017-10-11T18:04:28Z, W4anD0eR96, closed
NONE, 2018-01-29T05:36:15Z, shinobi, 2018-01-29T05:21:32Z, shinobi, closed
OWNER, 2015-10-08T20:44:02Z, zoffixznet, 2015-10-08T20:21:29Z, coke, closed
MEMBER, 2015-07-25T23:05:47Z, jonathanstowe, 2015-07-25T23:01:20Z, mdinger, closed
MEMBER, 2017-02-01T20:03:15Z, coke, 2016-12-24T22:48:22Z, AlexDaniel, closed
MEMBER, 2017-05-08T11:39:25Z, zoffixznet, 2017-05-08T09:40:36Z, AlexDaniel, closed
MEMBER, 2017-03-12T15:58:26Z, titsuki, 2017-02-26T03:31:39Z, titsuki, closed
CONTRIBUTOR, , , 2017-01-04T21:08:11Z, gfldex, open
CONTRIBUTOR, , , 2017-11-24T10:30:41Z, gfldex, open
OWNER, , , 2017-05-13T02:02:01Z, zoffixznet, open
MEMBER, 2016-10-02T12:06:20Z, titsuki, 2016-09-30T12:15:18Z, tbrowder, closed
CONTRIBUTOR, 2017-08-29T16:16:47Z, zoffixznet, 2017-08-24T12:45:57Z, briandfoy, closed
OWNER, 2017-09-08T18:56:51Z, jnthn, 2017-09-05T16:53:37Z, jnthn, closed
OWNER, 2017-05-06T05:24:47Z, zoffixznet, 2017-03-05T13:01:02Z, zoffixznet, closed
OWNER, 2017-02-17T14:03:47Z, coke, 2017-02-15T21:41:13Z, coke, closed
MEMBER, 2018-04-22T16:53:51Z, JJ, 2018-04-20T20:41:30Z, nxadm, closed
MEMBER, 2016-12-09T14:04:42Z, zoffixznet, 2016-12-07T10:02:27Z, samcv, closed
OWNER, 2018-02-23T12:55:29Z, fluca1978, 2018-02-21T11:34:28Z, zoffixznet, closed
CONTRIBUTOR, 2018-04-19T18:12:34Z, JJ, 2018-04-19T18:11:50Z, Grinnz, closed
CONTRIBUTOR, 2017-08-24T18:12:53Z, zoffixznet, 2016-12-31T07:39:46Z, briandfoy, closed
MEMBER, 2018-04-16T13:14:28Z, fluca1978, 2018-04-16T11:59:39Z, fluca1978, closed
MEMBER, 2017-02-20T16:03:30Z, titsuki, 2017-02-20T16:03:22Z, titsuki, closed
CONTRIBUTOR, 2016-10-06T07:53:41Z, jonathanstowe, 2016-10-06T03:18:43Z, flexibeast, closed
OWNER, 2017-01-24T23:06:18Z, coke, 2017-01-21T05:31:57Z, coke, closed
MEMBER, 2017-09-01T19:02:30Z, AlexDaniel, 2017-08-27T14:17:52Z, AlexDaniel, closed
CONTRIBUTOR, 2018-04-23T13:01:09Z, JJ, 2018-04-22T23:18:23Z, COMBORICO, closed
MEMBER, 2018-04-14T07:16:44Z, JJ, 2018-01-28T08:38:19Z, JJ, closed
MEMBER, 2015-11-11T20:50:28Z, zoffixznet, 2015-11-11T20:39:53Z, dha, closed
CONTRIBUTOR, 2017-09-03T11:38:08Z, JJ, 2017-09-03T09:06:31Z, gfldex, closed
OWNER, 2017-05-18T12:41:00Z, zoffixznet, 2017-05-17T13:55:36Z, coke, closed
MEMBER, 2017-10-10T09:25:55Z, W4anD0eR96, 2017-10-09T12:00:50Z, W4anD0eR96, closed
CONTRIBUTOR, , , 2017-08-29T10:07:55Z, lefth, open
MEMBER, 2018-03-15T09:59:32Z, JJ, 2018-03-12T07:40:05Z, JJ, closed
OWNER, 2018-02-25T13:50:41Z, JJ, 2018-01-13T19:42:09Z, zoffixznet, closed
MEMBER, 2017-04-13T11:30:20Z, zoffixznet, 2017-04-08T23:12:39Z, dmaestro, closed
OWNER, , , 2018-04-16T13:15:50Z, coke, open
OWNER, 2016-10-14T16:06:55Z, zoffixznet, 2016-10-14T12:31:15Z, zoffixznet, closed
CONTRIBUTOR, 2016-10-28T14:48:53Z, jonathanstowe, 2016-10-28T13:20:44Z, ggoebel, closed
MEMBER, 2018-02-20T06:12:24Z, JJ, 2018-02-17T06:23:03Z, JJ, closed
MEMBER, 2017-04-30T13:22:29Z, zoffixznet, 2017-04-29T14:03:07Z, CurtTilmes, closed
MEMBER, 2017-03-07T18:20:06Z, zoffixznet, 2017-03-07T18:18:36Z, bduggan, closed
MEMBER, 2017-01-23T06:45:30Z, jonathanstowe, 2016-12-23T10:00:04Z, jonathanstowe, closed
MEMBER, 2017-10-10T18:48:48Z, Tyil, 2017-10-10T18:00:16Z, molecules, closed
OWNER, , , 2017-07-23T13:09:01Z, jnthn, open
MEMBER, 2017-11-03T03:43:39Z, W4anD0eR96, 2017-11-02T08:27:31Z, W4anD0eR96, closed
MEMBER, 2018-02-14T18:49:08Z, JJ, 2018-01-22T16:54:14Z, JJ, closed
OWNER, 2018-03-29T17:09:17Z, JJ, 2018-03-29T12:06:10Z, coke, closed
MEMBER, 2016-10-05T07:34:27Z, jonathanstowe, 2016-10-05T04:08:58Z, zostay, closed
OWNER, , , 2017-05-24T12:27:53Z, zoffixznet, open
CONTRIBUTOR, , , 2018-04-22T23:10:42Z, COMBORICO, open
OWNER, 2017-07-05T00:45:58Z, coke, 2017-07-04T23:38:23Z, coke, closed
MEMBER, 2017-10-22T21:17:38Z, zoffixznet, 2017-10-22T21:15:15Z, shlomif, closed
MEMBER, 2014-05-22T19:38:54Z, xfix, 2014-05-22T19:32:03Z, stmuk, closed
MEMBER, , , 2017-12-31T16:41:13Z, AlexDaniel, open
MEMBER, 2017-01-09T03:51:36Z, coke, 2016-11-14T05:03:49Z, MasterDuke17, closed
MEMBER, 2015-10-13T21:13:40Z, coke, 2015-10-13T18:46:41Z, dha, closed
CONTRIBUTOR, 2017-09-02T13:45:50Z, moritz, 2017-09-02T09:44:18Z, gfldex, closed
MEMBER, 2018-03-04T10:43:23Z, AlexDaniel, 2018-02-15T06:54:21Z, JJ, closed
MEMBER, 2018-04-08T18:05:45Z, JJ, 2018-04-08T11:59:36Z, JJ, closed
NONE, 2018-02-13T06:23:15Z, JJ, 2018-02-12T23:22:56Z, jimav, closed
MEMBER, 2017-09-08T08:34:16Z, rafaelschipiura, 2017-09-07T05:38:00Z, zakame, closed
MEMBER, 2017-10-29T03:53:29Z, W4anD0eR96, 2017-10-28T03:11:50Z, W4anD0eR96, closed
CONTRIBUTOR, 2015-07-22T19:18:14Z, paultcochrane, 2015-07-19T23:08:48Z, flussence, closed
NONE, 2018-02-13T06:53:57Z, JJ, 2018-02-12T23:56:40Z, jimav, closed
CONTRIBUTOR, 2016-10-20T15:19:49Z, zoffixznet, 2016-10-18T20:13:32Z, jalbertcruz, closed
MEMBER, 2018-02-26T14:55:44Z, moritz, 2018-02-26T14:54:35Z, antquinonez, closed
MEMBER, 2017-09-17T12:58:31Z, W4anD0eR96, 2017-09-17T09:58:36Z, W4anD0eR96, closed
OWNER, 2015-12-24T05:37:59Z, awwaiid, 2015-09-30T20:39:04Z, coke, closed
MEMBER, , , 2018-03-20T17:06:55Z, cfa, open
MEMBER, 2018-02-10T15:10:43Z, AlexDaniel, 2017-06-26T00:59:44Z, samcv, closed
MEMBER, 2017-11-09T13:54:52Z, W4anD0eR96, 2017-11-09T09:09:18Z, W4anD0eR96, closed
MEMBER, 2018-01-05T21:01:09Z, moritz, 2017-11-14T13:03:24Z, W4anD0eR96, closed
CONTRIBUTOR, , , 2017-02-27T07:55:56Z, briandfoy, open
MEMBER, 2017-03-16T12:06:30Z, nxadm, 2017-03-16T12:06:22Z, nxadm, closed
MEMBER, 2017-09-05T13:18:49Z, zoffixznet, 2017-09-05T12:50:11Z, rafaelschipiura, closed
MEMBER, , , 2017-01-25T07:45:02Z, samcv, open
MEMBER, 2018-01-20T23:16:08Z, zoffixznet, 2018-01-20T12:16:33Z, MARTIMM, closed
MEMBER, 2018-04-15T07:03:30Z, JJ, 2018-03-15T16:46:06Z, JJ, closed
CONTRIBUTOR, 2018-04-02T16:42:22Z, JJ, 2018-04-02T15:54:11Z, sfischer13, closed
MEMBER, 2018-05-02T06:48:30Z, JJ, 2016-12-06T14:02:16Z, titsuki, closed
NONE, 2017-11-11T17:26:08Z, W4anD0eR96, 2017-11-11T17:00:58Z, gmichokostas, closed
MEMBER, , , 2018-04-29T08:23:40Z, Kaiepi, open
MEMBER, , , 2017-09-03T00:13:41Z, AlexDaniel, open
CONTRIBUTOR, 2016-12-24T23:26:25Z, zoffixznet, 2016-12-24T22:51:19Z, rightfold, closed
MEMBER, , , 2018-04-16T11:02:04Z, JJ, open
MEMBER, , , 2017-01-02T19:05:22Z, AlexDaniel, open
CONTRIBUTOR, 2015-10-07T04:09:26Z, labster, 2015-10-07T04:07:03Z, tirkarthi, closed
MEMBER, , , 2018-04-17T16:33:52Z, JJ, open
MEMBER, , , 2016-10-30T00:05:23Z, AlexDaniel, open
MEMBER, 2017-01-31T17:59:30Z, Altai-man, 2017-01-31T00:57:44Z, antquinonez, closed
MEMBER, 2017-10-11T03:44:04Z, AlexDaniel, 2017-10-11T03:35:35Z, W4anD0eR96, closed
MEMBER, 2018-03-12T06:39:50Z, JJ, 2015-08-07T10:21:32Z, jdv, closed
MEMBER, 2018-03-29T17:05:11Z, JJ, 2018-03-20T14:04:42Z, AlexDaniel, closed
NONE, 2017-10-11T04:26:10Z, AlexDaniel, 2017-10-11T02:51:54Z, xiaq, closed
MEMBER, 2015-10-11T12:43:11Z, niner, 2015-10-11T12:14:48Z, akimd, closed
OWNER, 2018-01-05T20:26:51Z, moritz, 2017-12-11T20:27:19Z, zoffixznet, closed
OWNER, 2017-01-10T22:38:14Z, zoffixznet, 2017-01-10T22:07:27Z, coke, closed
MEMBER, 2017-03-05T19:19:05Z, AlexDaniel, 2017-03-05T09:11:04Z, AlexDaniel, closed
MEMBER, 2016-10-23T22:44:12Z, awwaiid, 2016-10-23T19:20:37Z, awwaiid, closed
MEMBER, 2018-03-04T09:32:08Z, AlexDaniel, 2017-07-18T18:15:30Z, AlexDaniel, closed
CONTRIBUTOR, 2017-09-05T13:27:31Z, rafaelschipiura, 2016-12-25T21:43:23Z, briandfoy, closed
MEMBER, 2016-10-02T14:04:41Z, titsuki, 2016-10-02T14:04:38Z, titsuki, closed
MEMBER, 2018-01-11T14:17:33Z, fluca1978, 2017-11-18T08:56:15Z, titsuki, closed
OWNER, 2017-12-29T05:51:26Z, W4anD0eR96, 2017-12-29T04:36:02Z, coke, closed
OWNER, 2016-11-18T13:39:43Z, coke, 2016-11-18T13:37:32Z, coke, closed
MEMBER, 2017-09-02T14:05:29Z, moritz, 2017-08-20T16:31:02Z, smls, closed
CONTRIBUTOR, , , 2017-08-21T17:19:54Z, gfldex, open
MEMBER, 2017-02-16T18:13:37Z, tbrowder, 2017-02-16T15:43:49Z, tbrowder, closed
CONTRIBUTOR, 2017-12-25T18:08:29Z, JJ, 2017-12-25T15:50:41Z, dmc00, closed
MEMBER, 2015-10-09T22:40:04Z, zoffixznet, 2015-10-09T21:57:46Z, ShaneKilkelly, closed
MEMBER, 2017-01-23T16:59:31Z, jonathanstowe, 2017-01-23T16:42:59Z, Altai-man, closed
MEMBER, 2017-12-07T19:13:21Z, rafaelschipiura, 2017-12-06T09:56:58Z, fluca1978, closed
NONE, 2018-04-14T07:21:45Z, JJ, 2018-04-13T20:09:50Z, rheum101, closed
OWNER, 2017-05-30T14:46:15Z, zoffixznet, 2017-05-30T14:23:45Z, coke, closed
CONTRIBUTOR, 2017-09-18T16:58:40Z, zoffixznet, 2017-09-17T11:02:50Z, lefth, closed
MEMBER, 2018-02-22T02:03:30Z, coke, 2018-01-28T11:17:08Z, JJ, closed
MEMBER, , , 2017-09-03T00:19:44Z, AlexDaniel, open
OWNER, 2017-01-04T14:30:05Z, coke, 2016-12-28T19:53:43Z, coke, closed
MEMBER, 2016-10-01T13:56:39Z, dogbert17, 2016-09-29T01:16:48Z, MasterDuke17, closed
MEMBER, 2018-02-05T14:15:41Z, fluca1978, 2018-02-04T03:52:32Z, titsuki, closed
MEMBER, 2017-12-06T10:55:32Z, fluca1978, 2017-12-06T10:24:18Z, fluca1978, closed
MEMBER, 2017-01-08T12:25:12Z, jonathanstowe, 2017-01-07T20:40:05Z, kalkin, closed
CONTRIBUTOR, 2015-11-10T22:28:44Z, jonathanstowe, 2015-11-10T22:23:24Z, vadz, closed
OWNER, 2017-06-09T13:22:23Z, zoffixznet, 2017-06-09T13:04:37Z, coke, closed
CONTRIBUTOR, 2017-12-18T19:55:20Z, zoffixznet, 2017-12-06T03:35:33Z, lefth, closed
MEMBER, 2018-04-12T17:05:23Z, JJ, 2018-02-02T23:44:48Z, AlexDaniel, closed
OWNER, 2017-04-06T17:44:07Z, zoffixznet, 2017-04-06T17:44:02Z, zoffixznet, closed
MEMBER, 2015-11-13T11:38:11Z, teodozjan, 2015-11-12T20:16:26Z, teodozjan, closed
CONTRIBUTOR, 2018-04-01T10:18:56Z, JJ, 2018-04-01T10:13:07Z, maettu, closed
MEMBER, 2018-04-30T05:33:44Z, JJ, 2018-04-09T05:44:53Z, JJ, closed
CONTRIBUTOR, 2016-09-13T11:47:46Z, Altai-man, 2016-09-13T10:18:12Z, thormick, closed
CONTRIBUTOR, , , 2017-09-16T06:39:00Z, lefth, open
MEMBER, 2018-01-03T23:47:55Z, coke, 2017-10-26T20:01:44Z, AlexDaniel, closed
NONE, , , 2018-04-12T23:20:50Z, sylints, open
OWNER, 2016-10-26T13:56:43Z, coke, 2016-10-20T18:58:22Z, coke, closed
MEMBER, 2017-06-03T11:28:25Z, zoffixznet, 2017-02-01T16:17:03Z, WildYorkies, closed
CONTRIBUTOR, 2017-09-11T01:47:43Z, rafaelschipiura, 2017-09-10T11:46:12Z, gfldex, closed
MEMBER, 2015-07-11T07:26:31Z, moritz, 2015-06-26T23:02:48Z, dha, closed
MEMBER, 2017-09-02T06:09:07Z, AlexDaniel, 2017-09-02T06:03:01Z, Altai-man, closed
MEMBER, 2017-11-05T10:33:28Z, AlexDaniel, 2017-06-07T17:05:40Z, AlexDaniel, closed
MEMBER, 2016-12-10T12:52:29Z, Altai-man, 2016-12-04T13:58:45Z, Altai-man, closed
MEMBER, 2017-01-31T01:12:47Z, Altai-man, 2017-01-26T17:29:30Z, Altai-man, closed
MEMBER, 2017-09-05T16:12:44Z, rafaelschipiura, 2017-09-02T16:05:58Z, Altai-man, closed
MEMBER, 2017-06-06T11:01:56Z, tbrowder, 2017-06-06T10:54:03Z, tbrowder, closed
MEMBER, , , 2018-05-01T06:05:50Z, JJ, open
CONTRIBUTOR, 2017-01-05T22:57:45Z, AlexDaniel, 2017-01-05T22:36:11Z, tommystanton, closed
MEMBER, 2017-05-29T19:53:29Z, zoffixznet, 2017-05-26T15:27:45Z, antquinonez, closed
NONE, 2018-04-05T21:47:57Z, Bowlslaw, 2018-04-05T21:35:14Z, Bowlslaw, closed
MEMBER, 2017-09-01T22:17:58Z, AlexDaniel, 2017-07-29T15:02:01Z, AlexDaniel, closed
CONTRIBUTOR, , , 2017-04-07T11:23:18Z, briandfoy, open
OWNER, 2016-09-25T21:55:57Z, zoffixznet, 2016-09-23T18:27:02Z, zoffixznet, closed
NONE, , , 2018-03-17T10:29:01Z, rheum101, open
MEMBER, 2017-11-05T11:30:11Z, AlexDaniel, 2017-03-09T14:06:15Z, AlexDaniel, closed
MEMBER, 2017-09-02T12:30:20Z, moritz, 2017-09-02T03:56:23Z, AlexDaniel, closed
OWNER, 2016-10-15T15:27:02Z, zoffixznet, 2016-09-19T18:35:29Z, zoffixznet, closed
NONE, 2017-10-21T00:18:46Z, zoffixznet, 2017-10-08T16:18:39Z, tushardave26, closed
MEMBER, , , 2018-04-01T09:39:29Z, JJ, open
MEMBER, 2016-12-02T22:43:45Z, AlexDaniel, 2016-10-30T00:20:38Z, AlexDaniel, closed
CONTRIBUTOR, , , 2017-02-27T22:33:50Z, briandfoy, open
MEMBER, 2017-12-26T19:14:20Z, jstuder-gh, 2017-11-18T19:26:19Z, jstuder-gh, closed
OWNER, 2016-09-11T03:50:42Z, zoffixznet, 2016-09-10T19:28:33Z, zoffixznet, closed
MEMBER, 2017-09-01T20:17:22Z, AlexDaniel, 2016-10-10T22:51:23Z, AlexDaniel, closed
MEMBER, 2018-04-28T16:37:53Z, JJ, 2018-03-18T17:39:12Z, JJ, closed
MEMBER, 2016-11-05T17:20:32Z, gfldex, 2016-10-25T16:00:20Z, titsuki, closed
MEMBER, 2017-09-08T18:56:51Z, jnthn, 2017-09-06T16:26:36Z, molecules, closed
CONTRIBUTOR, 2017-08-08T00:29:32Z, coke, 2017-04-10T21:53:22Z, gfldex, closed
MEMBER, 2017-02-16T17:14:30Z, Altai-man, 2017-02-12T14:46:37Z, Altai-man, closed
CONTRIBUTOR, 2017-05-06T01:52:17Z, zoffixznet, 2017-04-03T01:31:27Z, briandfoy, closed
CONTRIBUTOR, 2018-03-26T20:15:50Z, zoffixznet, 2018-03-26T20:15:38Z, gfldex, closed
OWNER, 2018-04-23T16:21:47Z, JJ, 2018-04-23T13:32:23Z, coke, closed
OWNER, , , 2017-09-16T15:53:01Z, timo, open
OWNER, 2018-02-14T13:23:50Z, zoffixznet, 2017-11-28T10:59:42Z, zoffixznet, closed
MEMBER, 2014-06-20T04:44:24Z, Mouq, 2014-06-20T04:39:02Z, kanatohodets, closed
CONTRIBUTOR, 2018-03-26T20:06:47Z, zoffixznet, 2018-03-26T20:04:07Z, gfldex, closed
MEMBER, , , 2018-01-25T09:12:13Z, fluca1978, open
MEMBER, 2017-10-17T15:55:41Z, W4anD0eR96, 2017-10-17T14:22:40Z, W4anD0eR96, closed
MEMBER, 2018-03-23T10:01:34Z, JJ, 2018-03-23T06:39:42Z, JJ, closed
OWNER, 2018-04-10T15:10:33Z, coke, 2016-12-19T21:31:20Z, coke, closed
OWNER, 2015-08-22T13:10:56Z, zoffixznet, 2015-08-22T12:44:58Z, moritz, closed
CONTRIBUTOR, 2017-01-17T12:13:05Z, lizmat, 2017-01-17T12:12:44Z, ilmari, closed
MEMBER, 2017-08-29T16:16:03Z, zoffixznet, 2017-08-29T16:13:23Z, molecules, closed
MEMBER, 2017-02-16T23:26:42Z, WildYorkies, 2017-02-10T15:44:44Z, WildYorkies, closed
MEMBER, 2018-03-05T22:43:41Z, W4anD0eR96, 2017-12-01T10:44:50Z, W4anD0eR96, closed
CONTRIBUTOR, , , 2017-09-16T08:37:14Z, gfldex, open
MEMBER, , , 2018-03-20T02:04:45Z, AlexDaniel, open
MEMBER, 2017-11-09T13:26:59Z, W4anD0eR96, 2017-11-09T09:15:28Z, W4anD0eR96, closed
NONE, 2013-01-02T13:35:27Z, xfix, 2013-01-02T08:18:36Z, ghost, closed
MEMBER, , coke, 2018-04-29T02:33:33Z, Kaiepi, open
CONTRIBUTOR, 2017-09-02T23:49:27Z, AlexDaniel, 2017-08-22T17:32:46Z, gfldex, closed
MEMBER, 2016-10-05T07:36:14Z, jonathanstowe, 2016-10-05T03:58:31Z, zostay, closed
MEMBER, 2017-02-16T18:14:40Z, tbrowder, 2017-02-12T14:35:28Z, tbrowder, closed
MEMBER, 2015-09-17T13:55:25Z, perlpilot, 2015-09-16T19:41:03Z, dha, closed
OWNER, 2017-02-12T15:22:08Z, coke, 2017-01-10T21:54:36Z, coke, closed
NONE, 2018-02-13T14:03:02Z, CurtTilmes, 2018-02-12T23:55:08Z, jimav, closed
MEMBER, 2018-04-09T16:13:56Z, JJ, 2018-04-09T15:45:21Z, JJ, closed
OWNER, 2016-07-13T12:56:54Z, gfldex, 2015-10-12T04:59:21Z, coke, closed
OWNER, , , 2017-05-28T05:24:05Z, zoffixznet, open
OWNER, , , 2016-12-28T19:34:44Z, coke, open
OWNER, 2018-04-06T10:03:08Z, JJ, 2017-05-11T18:36:43Z, zoffixznet, closed
MEMBER, 2016-10-11T10:26:42Z, jonathanstowe, 2016-10-11T09:59:30Z, fluca1978, closed
CONTRIBUTOR, 2018-01-22T22:35:59Z, zoffixznet, 2018-01-22T22:20:44Z, gfldex, closed
MEMBER, 2014-02-17T21:18:57Z, vendethiel, 2014-02-17T21:18:30Z, vendethiel, closed
MEMBER, 2018-04-02T08:36:26Z, zoffixznet, 2017-01-23T15:27:01Z, WildYorkies, closed
MEMBER, 2017-12-11T15:40:08Z, moritz, 2017-12-11T15:37:02Z, fluca1978, closed
MEMBER, 2018-01-23T12:54:32Z, fluca1978, 2018-01-16T14:43:42Z, AlexDaniel, closed
MEMBER, 2018-01-06T05:05:17Z, AlexDaniel, 2017-09-24T03:21:03Z, AlexDaniel, closed
MEMBER, , coke, 2017-02-11T02:56:31Z, WildYorkies, open
MEMBER, , , 2018-03-29T07:18:01Z, JJ, open
MEMBER, 2017-01-08T21:54:05Z, zoffixznet, 2017-01-03T19:09:25Z, hankache, closed
OWNER, 2017-01-24T23:31:34Z, coke, 2017-01-13T21:36:20Z, coke, closed
MEMBER, , , 2018-04-07T08:51:47Z, JJ, open
MEMBER, 2017-10-11T17:27:32Z, Altai-man, 2017-10-11T17:25:43Z, fluca1978, closed
OWNER, 2016-12-20T15:12:56Z, coke, 2016-12-16T21:12:12Z, coke, closed
MEMBER, , , 2018-04-16T18:10:38Z, W4anD0eR96, open
CONTRIBUTOR, 2017-01-20T10:58:20Z, lizmat, 2017-01-20T10:54:08Z, briandfoy, closed
OWNER, 2017-10-24T16:37:01Z, coke, 2017-10-24T12:47:54Z, coke, closed
MEMBER, 2017-11-05T11:09:15Z, AlexDaniel, 2017-10-08T03:18:32Z, AlexDaniel, closed
CONTRIBUTOR, 2018-04-29T23:49:09Z, zoffixznet, 2018-04-29T21:35:27Z, COMBORICO, closed
MEMBER, 2017-11-04T16:14:02Z, W4anD0eR96, 2017-11-04T05:24:53Z, W4anD0eR96, closed
MEMBER, 2017-04-29T02:07:36Z, zoffixznet, 2017-04-29T00:38:27Z, CurtTilmes, closed
CONTRIBUTOR, 2017-01-09T03:35:11Z, coke, 2016-12-31T11:24:07Z, briandfoy, closed
OWNER, 2018-04-02T07:22:33Z, JJ, 2017-06-20T15:35:31Z, coke, closed
MEMBER, 2018-03-10T10:42:07Z, JJ, 2015-10-12T17:31:04Z, skaji, closed
MEMBER, 2018-04-23T16:06:52Z, JJ, 2018-04-22T19:39:52Z, dmaestro, closed
OWNER, , , 2017-06-21T15:33:01Z, zoffixznet, open
MEMBER, , , 2018-03-09T07:17:59Z, JJ, open
MEMBER, , , 2017-09-03T22:09:27Z, AlexDaniel, open
MEMBER, , , 2018-03-04T11:51:04Z, JJ, open
CONTRIBUTOR, 2016-12-23T04:35:44Z, titsuki, 2016-12-23T03:13:11Z, ahalbert, closed
CONTRIBUTOR, 2016-12-10T13:59:43Z, Altai-man, 2016-11-19T18:26:30Z, garu, closed
MEMBER, 2017-05-06T02:37:39Z, zoffixznet, 2017-04-07T17:36:40Z, AlexDaniel, closed
CONTRIBUTOR, , , 2017-09-23T09:14:29Z, gfldex, open
CONTRIBUTOR, 2017-12-05T05:04:36Z, W4anD0eR96, 2017-12-05T04:46:10Z, lefth, closed
MEMBER, , , 2018-04-28T08:28:55Z, JJ, open
MEMBER, 2016-12-21T19:20:18Z, zoffixznet, 2016-12-19T07:10:23Z, samcv, closed
MEMBER, 2018-04-01T07:19:06Z, JJ, 2018-03-30T09:47:12Z, JJ, closed
CONTRIBUTOR, 2017-08-24T18:57:34Z, zoffixznet, 2017-08-13T12:19:36Z, gfldex, closed
NONE, 2018-02-13T14:52:31Z, CurtTilmes, 2018-02-12T23:35:36Z, jimav, closed
MEMBER, , , 2018-04-29T07:32:48Z, ufobat, open
MEMBER, 2015-08-31T12:03:43Z, FROGGS, 2015-08-31T11:59:50Z, book, closed
MEMBER, 2017-09-02T19:11:53Z, moritz, 2017-09-02T18:45:56Z, zakame, closed
MEMBER, 2017-08-15T00:35:25Z, coke, 2017-08-14T22:51:20Z, rafaelschipiura, closed
MEMBER, 2016-12-24T00:48:58Z, titsuki, 2016-12-21T22:53:12Z, titsuki, closed
CONTRIBUTOR, 2018-04-01T09:08:03Z, JJ, 2017-08-08T19:42:00Z, gfldex, closed
CONTRIBUTOR, , , 2017-07-28T02:04:40Z, briandfoy, open
OWNER, 2017-05-24T18:15:19Z, coke, 2017-05-23T14:39:06Z, coke, closed
MEMBER, 2018-04-28T08:26:09Z, JJ, 2017-09-03T00:25:03Z, AlexDaniel, closed
MEMBER, , , 2018-04-25T19:30:09Z, ronaldxs, open
OWNER, 2017-09-05T13:22:25Z, rafaelschipiura, 2017-09-05T12:36:33Z, jnthn, closed
MEMBER, 2017-09-01T19:31:43Z, AlexDaniel, 2017-05-13T19:01:21Z, AlexDaniel, closed
MEMBER, 2018-01-15T16:54:12Z, fluca1978, 2018-01-14T08:34:11Z, titsuki, closed
CONTRIBUTOR, , , 2017-02-28T22:06:05Z, briandfoy, open
MEMBER, , , 2016-10-06T04:45:36Z, AlexDaniel, open
CONTRIBUTOR, 2017-09-03T17:32:29Z, JJ, 2017-09-03T16:39:02Z, gfldex, closed
MEMBER, 2017-01-08T20:16:32Z, zoffixznet, 2017-01-05T11:29:31Z, JJ, closed
MEMBER, 2018-01-06T21:17:46Z, tbrowder, 2017-12-11T18:20:25Z, tbrowder, closed
CONTRIBUTOR, , , 2017-12-12T00:10:13Z, briandfoy, open
MEMBER, 2018-01-19T07:36:11Z, fluca1978, 2017-11-12T23:08:59Z, AlexDaniel, closed
MEMBER, 2016-12-22T17:53:14Z, titsuki, 2016-12-22T17:53:04Z, titsuki, closed
CONTRIBUTOR, 2016-10-16T18:19:25Z, AlexDaniel, 2016-10-13T16:15:39Z, nicqrocks, closed
OWNER, 2017-09-01T15:58:57Z, stmuk, 2017-02-27T15:42:51Z, zoffixznet, closed
CONTRIBUTOR, 2017-04-17T12:07:03Z, zoffixznet, 2017-04-17T10:17:59Z, briandfoy, closed
CONTRIBUTOR, 2017-11-05T09:29:19Z, AlexDaniel, 2017-09-20T08:44:22Z, gfldex, closed
MEMBER, 2017-11-05T11:57:00Z, AlexDaniel, 2016-10-27T23:43:51Z, AlexDaniel, closed
CONTRIBUTOR, 2017-08-24T17:53:44Z, zoffixznet, 2016-12-31T11:19:18Z, briandfoy, closed
MEMBER, , , 2018-04-09T10:46:14Z, W4anD0eR96, open
CONTRIBUTOR, 2017-09-02T06:35:42Z, AlexDaniel, 2017-09-02T06:11:45Z, gfldex, closed
MEMBER, 2018-02-04T03:48:47Z, titsuki, 2018-02-04T02:34:13Z, titsuki, closed
MEMBER, , , 2016-12-20T09:17:19Z, jonathanstowe, open
MEMBER, 2015-06-08T07:33:57Z, jonathanstowe, 2015-06-07T22:40:33Z, ab5tract, closed
OWNER, 2017-05-30T17:38:22Z, zoffixznet, 2017-05-24T13:53:42Z, coke, closed
MEMBER, 2015-09-26T03:50:48Z, dnmfarrell, 2015-09-26T03:50:29Z, dnmfarrell, closed
MEMBER, , , 2016-10-06T04:38:31Z, AlexDaniel, open
MEMBER, , , 2017-11-04T03:49:31Z, W4anD0eR96, open
OWNER, 2018-03-06T20:37:43Z, JJ, 2018-03-06T15:10:30Z, coke, closed
MEMBER, 2017-10-24T15:24:03Z, rafaelschipiura, 2017-02-21T16:50:40Z, raiph, closed
MEMBER, 2018-01-21T10:02:08Z, JJ, 2018-01-21T09:45:14Z, JJ, closed
MEMBER, 2018-03-11T09:54:12Z, JJ, 2015-10-27T10:59:10Z, teodozjan, closed
MEMBER, 2018-03-05T00:48:20Z, cfa, 2018-03-04T19:40:42Z, cfa, closed
MEMBER, , , 2018-02-07T20:36:09Z, tbrowder, open
OWNER, 2018-04-27T17:37:52Z, JJ, 2018-04-27T12:48:03Z, zoffixznet, closed
MEMBER, 2017-05-20T13:59:24Z, tbrowder, 2017-05-20T13:33:06Z, tbrowder, closed
CONTRIBUTOR, 2018-04-08T07:45:12Z, JJ, 2017-09-13T11:32:16Z, gfldex, closed
OWNER, , , 2018-03-03T22:32:33Z, zoffixznet, open
CONTRIBUTOR, 2017-09-02T09:43:24Z, Altai-man, 2017-09-02T09:41:35Z, gfldex, closed
MEMBER, 2017-11-04T17:21:57Z, zoffixznet, 2017-11-04T00:54:08Z, raiph, closed
MEMBER, , , 2017-09-14T13:33:55Z, molecules, open
MEMBER, 2015-11-03T21:26:21Z, jonathanstowe, 2015-11-03T21:16:15Z, molecules, closed
MEMBER, 2016-11-21T01:05:51Z, adaptiveoptics, 2016-11-20T23:59:15Z, bazzaar, closed
MEMBER, 2017-05-06T08:30:06Z, samcv, 2017-04-17T14:13:46Z, bduggan, closed
MEMBER, 2015-10-31T18:47:39Z, moritz, 2015-07-06T20:51:16Z, dha, closed
MEMBER, 2016-10-27T13:34:02Z, zoffixznet, 2016-10-16T18:01:04Z, AlexDaniel, closed
MEMBER, 2017-03-07T19:52:18Z, bduggan, 2017-03-07T19:21:10Z, bduggan, closed
MEMBER, 2016-12-28T19:39:38Z, coke, 2016-12-14T22:29:01Z, AlexDaniel, closed
CONTRIBUTOR, 2018-04-27T20:15:22Z, zoffixznet, 2018-03-02T18:40:18Z, briandfoy, closed
NONE, 2017-05-06T05:34:34Z, zoffixznet, 2017-03-03T16:28:44Z, kjkuan, closed
OWNER, 2016-04-17T15:38:56Z, coke, 2015-10-26T15:59:12Z, coke, closed
MEMBER, 2016-10-11T08:45:22Z, jonathanstowe, 2016-10-11T07:48:28Z, fluca1978, closed
MEMBER, 2017-09-04T23:33:13Z, AlexDaniel, 2017-09-04T09:32:03Z, zakame, closed
MEMBER, 2016-12-03T18:51:16Z, AlexDaniel, 2016-12-03T18:05:56Z, Altai-man, closed
MEMBER, 2015-11-12T16:44:13Z, zoffixznet, 2015-11-12T16:21:48Z, nxadm, closed
MEMBER, 2017-12-06T06:21:29Z, W4anD0eR96, 2017-12-05T11:29:59Z, W4anD0eR96, closed
CONTRIBUTOR, 2018-04-07T10:36:09Z, JJ, 2017-07-10T21:49:46Z, gfldex, closed
MEMBER, 2018-04-21T08:41:50Z, AlexDaniel, 2016-10-29T23:55:52Z, AlexDaniel, closed
CONTRIBUTOR, 2017-08-31T19:48:09Z, moritz, 2017-08-13T12:14:46Z, gfldex, closed
OWNER, 2017-06-25T23:26:32Z, coke, 2017-06-21T15:44:57Z, coke, closed
MEMBER, 2018-03-23T06:41:49Z, JJ, 2018-03-21T16:07:19Z, raiph, closed
OWNER, , , 2018-02-16T13:21:23Z, zoffixznet, open
CONTRIBUTOR, 2017-07-04T21:55:17Z, coke, 2017-07-02T16:49:12Z, briandfoy, closed
MEMBER, 2016-09-21T07:24:30Z, Altai-man, 2016-09-20T02:00:12Z, MasterDuke17, closed
CONTRIBUTOR, 2018-04-08T06:36:28Z, JJ, 2018-04-06T15:32:59Z, ccworld1000, closed
NONE, 2018-02-17T06:33:15Z, JJ, 2018-02-16T23:33:44Z, jimav, closed
MEMBER, 2017-11-05T07:25:25Z, W4anD0eR96, 2017-11-05T06:43:24Z, W4anD0eR96, closed
MEMBER, 2017-02-06T17:38:44Z, Altai-man, 2017-02-03T19:40:06Z, Altai-man, closed
MEMBER, 2015-07-05T18:43:51Z, ugexe, 2015-07-05T18:37:35Z, ugexe, closed
OWNER, 2018-04-12T21:18:10Z, coke, 2018-04-11T13:55:44Z, coke, closed
MEMBER, 2017-09-03T04:57:29Z, rafaelschipiura, 2017-09-03T03:53:20Z, AlexDaniel, closed
CONTRIBUTOR, 2017-09-11T01:47:43Z, rafaelschipiura, 2017-09-10T11:58:42Z, gfldex, closed
MEMBER, 2015-07-25T23:06:57Z, mdinger, 2015-07-25T21:00:33Z, mdinger, closed
MEMBER, 2017-03-28T16:02:26Z, titsuki, 2017-03-28T16:02:22Z, titsuki, closed
MEMBER, 2018-04-24T16:33:57Z, JJ, 2018-04-21T11:08:13Z, Kaiepi, closed
OWNER, , zoffixznet, 2017-02-13T20:19:12Z, zoffixznet, open
MEMBER, 2018-03-04T10:08:15Z, AlexDaniel, 2017-07-01T19:20:31Z, tbrowder, closed
MEMBER, 2017-10-29T07:32:11Z, moritz, 2017-01-12T23:01:50Z, AlexDaniel, closed
MEMBER, 2016-10-23T22:44:41Z, awwaiid, 2016-10-23T20:01:56Z, awwaiid, closed
MEMBER, 2015-09-28T15:07:37Z, stmuk, 2015-09-28T11:49:41Z, tokuhirom, closed
OWNER, 2017-10-02T12:22:05Z, tbrowder, 2017-09-29T19:32:04Z, zoffixznet, closed
CONTRIBUTOR, 2018-01-12T07:12:54Z, fluca1978, 2017-11-24T12:18:33Z, gfldex, closed
OWNER, 2016-10-26T18:18:50Z, coke, 2016-10-10T16:36:07Z, coke, closed
MEMBER, 2017-02-12T13:25:13Z, gfldex, 2017-02-03T18:15:30Z, Altai-man, closed
MEMBER, , , 2018-03-29T08:01:08Z, nxadm, open
MEMBER, 2015-09-13T20:32:50Z, FROGGS, 2015-09-13T20:31:10Z, cschwenz, closed
OWNER, 2017-07-27T02:25:59Z, coke, 2017-06-01T17:33:48Z, zoffixznet, closed
OWNER, 2015-10-08T18:07:24Z, coke, 2015-10-07T20:22:04Z, coke, closed
MEMBER, , , 2017-01-14T18:58:03Z, ronaldxs, open
CONTRIBUTOR, 2016-11-20T02:41:59Z, AlexDaniel, 2016-11-20T02:25:28Z, garu, closed
MEMBER, 2017-02-12T18:38:36Z, WildYorkies, 2017-02-12T15:14:28Z, WildYorkies, closed
OWNER, 2017-12-07T16:57:16Z, zoffixznet, 2017-11-28T10:44:12Z, zoffixznet, closed
OWNER, 2017-06-20T06:48:27Z, coke, 2017-06-06T12:31:55Z, coke, closed
MEMBER, , , 2017-10-05T05:54:11Z, AlexDaniel, open
MEMBER, 2018-02-03T01:21:11Z, zoffixznet, 2017-08-24T02:23:54Z, AlexDaniel, closed
MEMBER, , , 2018-03-30T12:29:25Z, JJ, open
MEMBER, , , 2017-10-27T15:35:10Z, jdv, open
OWNER, 2017-12-31T04:33:45Z, AlexDaniel, 2017-12-31T04:24:39Z, zoffixznet, closed
MEMBER, 2017-11-04T03:44:51Z, W4anD0eR96, 2017-09-29T05:11:18Z, AlexDaniel, closed
MEMBER, 2017-08-17T14:31:50Z, ronaldxs, 2017-08-17T13:53:32Z, ronaldxs, closed
OWNER, 2017-05-22T21:29:29Z, zoffixznet, 2017-05-22T17:52:39Z, coke, closed
MEMBER, 2016-10-05T21:34:28Z, gfldex, 2016-10-05T20:04:02Z, grizzlysmit, closed
MEMBER, 2017-05-06T02:13:59Z, zoffixznet, 2017-04-09T19:41:28Z, AlexDaniel, closed
OWNER, 2017-10-17T00:59:32Z, coke, 2017-10-10T13:09:59Z, coke, closed
